album_uri,album_name,artist,release_date,album_type
6guJZpZ52v4MrJKIH7tASl,i am > i was (Deluxe),21 Savage,2018-12-24,album
007DWn799UWvfY1wwZeENR,i am > i was,21 Savage,2018-12-21,album
3IO8IPjwXuzPJnoaqkwYrj,NOT ALL HEROES WEAR CAPES (Deluxe),"Metro Boomin, Travis Scott, 21 Savage",2018-11-06,album
0MV1yCXcNNQBfwApqAVkH0,Without Warning,"21 Savage, Offset, Metro Boomin",2017-10-30,album
4QUNWTw2FsIz722xjUjFJw,Issa Album,21 Savage,2017-09-23,album
4I3EcXD4e3KcEoDJfFEZ5b,Savage Mode,"21 Savage, Metro Boomin",2016-07-15,album
1HSyuTHvLXMWyPJQGnQTLw,Slaughter King,21 Savage,2016-05-16,album
3l2umvdEq50qZ5fmw4iHcI,The Slaughter Tape,21 Savage,2016-05-15,album
7xgzD7onYd1Pms93ZOtxxX,Immortal,21 Savage,2019-10-31,album
3SUrSBw1oY5yX0Zlpiux7M,Show Me Love (feat. 21 Savage & Miguel),"Alicia Keys, 21 Savage",2019-10-30,album
7573vI8N5aDdqoaeSOgflW,Motivation (with 21 Savage) [Savage Remix],"Normani, 21 Savage",2019-10-28,album
7gweQOZRW1sGNVXuxsjC2C,Triggered (Remix),"Jhené Aiko, 21 Savage, Summer Walker",2019-10-02,album
7xG4qbKyDm9f6hh38MHgHD,Hulk Hogan (Remix),"Slum Homies, 21 Savage, Ric Flair Drip",2018-06-05,album
0mCHJHcYACJZKmRmUMkoOi,Outstanding (feat. 21 Savage),"SahBabii, 21 Savage",2018-04-20,album
6xE4rxigiSpQlc60G646bh,4 5 (Remix),"Don Ace, 21 Savage",2018-04-06,album
091cZVoTJrlORPHFyuJQFi,Rover 2.0 (feat. 21 Savage),"BlocBoy JB, 21 Savage",2018-03-23,album
0xpKlXFqcZuIxCcN2rZj7j,Cocky (feat. London On Da Track),"A$AP Rocky, Gucci Mane, 21 Savage",2018-02-16,album
2qmmPaaWXRM1kZujpUKKsO,Soldier 2 Soldier (Collector's Edition),"Dead Prez, Outlawz, 2Pac",2010-11-23,album
5y1YRK4BJCQWKLHr9gcUMK,Nu Mixx Klazzics Vol. 2 (Evolution: Duets And Remixes),2Pac,2007-07-03,album
5eVcXpQNaB4ILrocqaUdmT,Pac's Life,2Pac,2006-01-01,album
2d3RwSNxvWKiKLfJtsJj8v,The Rose - Volume 2 - Music Inspired By 2pac's Poetry,2Pac,2005-09-20,album
1qzfkoM52XWcEzmm8akE26,Live at the House Of Blues,2Pac,2005-09-20,album
7vwU5cQW3RZ4XrJaglir2x,All Eyez On Me,2Pac,2005,album
3bCGjEpp17jWKqyKzATiny,Live,2Pac,2004-08-10,album
33lk2GnP8cJzl7cd1OJrXn,Loyal To The Game,2Pac,2004-01-01,album
3MJVucN9nO8WHaLo3KHuWO,Resurrection,2Pac,2003-11-14,album
2QVE1PUAtL4eO7CVAgwdnu,Resurrection (Music From And Inspired By The Motion Picture),2Pac,2003-11-04,album
27Ay0IVSnhfYB2XTEW8gn0,Nu-mixx Klazzics,2Pac,2003-10-07,album
0KmKhrRc4dFTA5dHMJlm5w,Animal Ambition: An Untamed Desire To Win,50 Cent,2014-06-03,album
7eEjgXDzF8rNVUwuiXtB7Y,Before I Self-Destruct,50 Cent,2009-01-01,album
5SGg2y6qyIqGg78XTmaYv4,Before I Self-Destruct - The Selects,50 Cent,2009-01-01,album
3AgCuejBHH780ROyGkKUvj,Bullet Proof,"50 Cent, DJ Whoo Kid",2007-01-30,album
5VfBwkAoSsQwtZjPU0Gr7h,Curtis,50 Cent,2007-01-01,album
7hVj5YSiBCxZmzjnsVwKKC,Live At The Hard Rock (Edited Version),50 Cent,2007-01-01,album
3LtIWfN1EITld1LloQwl2O,Get Rich Or Die Tryin,50 Cent,2007-01-01,album
2pidzXTaHV4WaIJYRxKDCH,The Massacre,50 Cent,2005-03-03,album
2UpMdkZlJUuiJ2QYETOrSu,Rare,50 Cent,2003-10-15,album
0OfzVAXf5aVP4W4NIOLTKj,Get Rich Or Die Tryin',50 Cent,2003-02-06,album
2mcz6GlxpD5trOijFZE9Hm,Big Rich Town Power Remix,50 Cent,2019-07-12,album
1GHkv48TNqI8MKWJ1FwKFC,Remember The Name (feat. Eminem & 50 Cent),"Ed Sheeran, Eminem, 50 Cent",2019-07-11,album
3WvQpufOsPzkZvcSuynCf3,We got it from Here... Thank You 4 Your service,A Tribe Called Quest,2016-11-11,album
0FH3WsTCWaDmfpEojJ4sN2,The Love Movement,A Tribe Called Quest,1998-09-29,album
0EguP4tsJurU5I8ocCxdyb,"Beats, Rhymes & Life",A Tribe Called Quest,1996-07-30,album
4v5x3Oo3UjQ9YmF3hRAip5,Midnight Marauders,A Tribe Called Quest,1993-11-09,album
1p12OAWwudgMqfMzjMvl2a,The Low End Theory,A Tribe Called Quest,1991-09-24,album
3kV0i1qqudjf0PGawJ4jck,People's Instinctive Travels and the Paths of Rhythm (25th Anniversary Edition),A Tribe Called Quest,1990-04-17,album
6bI4IQKBcLX0KsTjQ9NR97,Floor Seats,A$AP Ferg,2019-08-16,album
0tQ7Iu6EicQTPyhYRNWjaT,Still Striving,A$AP Ferg,2017-08-18,album
2h5LDCGJCWUyaoEXQZHky6,ALWAYS STRIVE AND PROSPER,A$AP Ferg,2016-06-22,album
3smlfAmejcKMmAPg1G2Kki,Trap Lord,A$AP Ferg,2013-08-19,album
3bQVjc0NH5rVJxndr70bwk,REDLIGHT (Justin Jay Remix),"NGHTMRE, A$AP Ferg, Justin Jay",2019-10-18,album
6UgZHNJFfmKLSGLuW9T114,Bezerk,"Big Sean, Hit-Boy, A$AP Ferg",2019-08-26,album
4V8XHsaNdS0PF6p8Xh77tK,REDLIGHT (Crankdat Remix),"NGHTMRE, A$AP Ferg, Crankdat",2019-07-26,album
5JlXMsjusyKCThXakOe4eh,REDLIGHT (Effin Remix),"NGHTMRE, A$AP Ferg, Effin",2019-07-26,album
7IgHTf3cYdcnuBJ1BC7W29,REDLIGHT (Holy Goof Remix),"NGHTMRE, A$AP Ferg, Holy Goof",2019-07-26,album
1opbVvrgNu3y8qFERjLQW1,WAM,"A$AP Ferg, MadeinTYO",2019-07-15,album
0XLFXhashQVtfchnQ6GiQR,Wigs (feat. Asian Doll),A$AP Ferg,2019-07-12,album
6il58nazawpm0I2WUrPggy,Wigs (feat. City Girls & ANTHA),A$AP Ferg,2019-06-24,album
0qr1Fvi1haEDWVbFtekZLb,Cozy Tapes Vol. 2: Too Cozy,A$AP Mob,2017-08-25,album
3RaACfwYTY9uiDy3VSWLLc,Cozy Tapes: Vol. 1 Friends -,A$AP Mob,2016-10-31,album
0fPPktynlWuMw4VOFGCS1Y,Feels So Good,A$AP Mob,2017-08-16,album
6hFk3P1kzIsN083A8SqgXm,"Feels So Good (feat. A$AP Ferg, A$AP Nast, A$AP Rocky & A$AP Twelvyy)",A$AP Mob,2017-08-16,album
0Iv5wX7ZgeSMypWT9V4oxO,"RAF (feat. A$AP Rocky, Playboi Carti, Quavo, Lil Uzi Vert & Frank Ocean)",A$AP Mob,2017-05-23,album
25qGbr8e0Mxv2GfyRJHoXq,RAF,A$AP Mob,2017-05-22,album
3IT2LbuYGJsnL3LNgSHUOm,Wrong,A$AP Mob,2017-04-28,album
78B0rb1rWaNLgxrBuCkIdb,Wrong (feat. A$AP Rocky & A$AP Ferg),A$AP Mob,2017-04-28,album
788rHiWVrWzM8dF7IiumCB,Yamborghini High,A$AP Mob,2016-01-29,album
2WNrT4HGWNJy7xJCZ92Oot,Hella Hoes,A$AP Mob,2014-06-06,album
04HWLdpkY0sOsIm8wh6o8O,"Hella Hoes (feat. A$AP Rocky, A$AP Ferg, A$AP Nast & A$AP Twelvyy)",A$AP Mob,2014-06-06,album
6f8xb749Pxj9rX7DQqytFs,Xscape,A$AP Mob,2014-04-22,album
1ImqgYGNjfTGYEfQMYYbRs,Trillmatic,A$AP Mob,2013-12-04,album
3MATDdrpHmQCmuOcozZjDa,TESTING,A$AP Rocky,2018-05-25,album
3arNdjotCvtiiLFfjKngMc,AT.LONG.LAST.A$AP,A$AP Rocky,2015-05-26,album
6rzMufuu8sLkIizM4q9c7J,LONG.LIVE.A$AP (Deluxe Version),A$AP Rocky,2013,album
3zOkSAbg9o7gQ3yXtZhx5v,Babushka Boi,A$AP Rocky,2019-08-28,album
5Rpva1nZm0xQZQHlGQfF2F,Energy (Remixes) (feat. Sabrina Claudio) [G010004130946U],"BURNS, A$AP Rocky",2019-08-02,album
7eIzTSpFN6bs8gbFZLL8UZ,Live Fast (PUBGM),"Alan Walker, A$AP Rocky",2019-07-25,album
1269OELfNNvdgMIobuYBBt,Energy (with A$AP Rocky & Sabrina Claudio) (feat. Sabrina Claudio) [Sonny Fodera Remix],"BURNS, A$AP Rocky, Sonny Fodera",2019-07-19,album
2Scq3cyNzKxmN6L8qtWaCc,Energy (with A$AP Rocky & Sabrina Claudio),"BURNS, A$AP Rocky, Sabrina Claudio",2019-04-30,album
4xuCAF5P2diMaCbRUxNlzz,Walk (Remix),"Comethazine, A$AP Rocky",2019-03-18,album
3AlyvIIMZyT5LjWFeK5LSl,Sundress,A$AP Rocky,2018-11-20,album
02KFVEA5tnY0YnypmWY1tz,Potato Salad,"Tyler The Creator, A$AP Rocky",2018-09-28,album
67Em0g7VkNZGzICh4SZQdY,A$AP Forever (feat. Moby),A$AP Rocky,2018-04-05,album
2IB4u7CExI80gM2KbkDtDp,Bad Company (feat. BlocBoy JB),A$AP Rocky,2018-03-28,album
1CEeqK9sKrE7LzUHeT3bfP,Do What Thou Wilt.,Ab-Soul,2016-12-09,album
021zMZKO2pUA3yoUQFW2uy,These Days...,Ab-Soul,2014-06-24,album
26RLXRJA7aOOffZJGjUaSW,Control System,Ab-Soul,2012-05-11,album
446OAWTQsR7utlWr0gDkX0,Longterm Mentality,Ab-Soul,2011-04-05,album
1c7q6ozvO1KkZ81F6Jkxlv,Braille (feat. Bas),Ab-Soul,2016-10-28,album
0PFz5Im1HI2cm8KQ6wuyYH,Huey Knew (feat. Da$H),Ab-Soul,2016-09-30,album
0YF8PfcGbsKg5IaFyPnlyY,Ventura,Anderson .Paak,2019-04-12,album
3rqqwtJE89WoWvMyPTvbZc,Oxnard,Anderson .Paak,2018-11-16,album
0glWUNA3VeICkmoEp7UwXQ,Yes Lawd! Remixes,"NxWorries, Anderson .Paak, Knxwledge",2017-11-17,album
0K3FiXt6ekJTWaUku3LpHL,Yes Lawd!,"NxWorries, Anderson .Paak, Knxwledge",2016-10-21,album
4VFG1DOuTeDMBjBLZT7hCK,Malibu,Anderson .Paak,2016-01-15,album
2DOiha5oI19Dmw5M9ryHD8,Venice,Anderson .Paak,2014-10-28,album
0Hge6ViJwQegFirPFJv3MA,Then There Were Two,"Mark Ronson, Anderson .Paak, Spies in Disguise",2019-11-18,album
5nA6MO0zRVvdPSrIV7GCod,Spotify Singles - Christmas,Anderson .Paak,2018-11-14,album
6Ml78jvSDFzJhLnXKyU30z,Who R U?,Anderson .Paak,2018-11-09,album
2MdTsQBOs71AZuqETMyLY2,Tints (feat. Kendrick Lamar),Anderson .Paak,2018-10-04,album
6wVaHOp0tNrsmuuotjUtcW,Bubblin (feat. Busta Rhymes) [Remix],"Anderson .Paak, Busta Rhymes",2018-07-13,album
6N1y1a5qnqN8pBkizOdMvk,Bubblin,Anderson .Paak,2018-05-17,album
7z4UqvGprXWpQ0wo8ldLDA,'Til It's Over,Anderson .Paak,2018-04-06,album
1KvZT4NZm69EkOym8rLqW1,K.R.I.T. IZ HERE,Big K.R.I.T.,2019-07-12,album
7DUNqEpnwePiDrwO4R1xz3,TDT,Big K.R.I.T.,2019-01-11,album
6vGEX2ejVVsHTIsqI1teZg,4eva Is A Mighty Long Time,Big K.R.I.T.,2017-10-27,album
0XX3FIjtWd56K235GrjJCf,All My Life,Big K.R.I.T.,2015-11-20,album
7AUsm4Nzd6ApSgkLCHSjia,Cadillactica (Deluxe Version),Big K.R.I.T.,2014-08-25,album
2UltMFyGSTrCmIPnb5gjZX,Cadillactica (Deluxe),Big K.R.I.T.,2014-08-25,album
5ISxyfC6ThuSz2wP7NS2aF,Cadillactica,Big K.R.I.T.,2014-08-25,album
5yBkCapvSn1B6eTAbkcCfi,Live From The Underground (Explicit Version),Big K.R.I.T.,2012-01-01,album
5kE9pfTSekNenqqdlvtBQd,Live From The Underground,Big K.R.I.T.,2012-01-01,album
2JFhzEKxoiMBi7pVUmWacs,Ballad of the Bass (My Sub V),Big K.R.I.T.,2019-11-15,album
08OmDocGBNfycY9IpPLHfu,Addiction (feat. Lil Wayne & Saweetie),Big K.R.I.T.,2019-06-24,album
4daYW4Eeza2g9MjxDhVzJ0,K.R.I.T. HERE,Big K.R.I.T.,2019-06-07,album
47OFcuwa4Fdgb6PR5vTyVr,TRIFECTA,Big K.R.I.T.,2018-12-14,album
6GRzmk9UGL7odxprOPop1Q,Mos Def & Talib Kweli Are Black Star,Black Star,1998-09-29,album
5uBJpqcyMQ4PaG4tytifGq,Fix Up,Black Star,2011-11-25,album
1jToVugwBEzcak8gJNZG2f,GINGER,BROCKHAMPTON,2019-08-23,album
3Mj4A4nNJzIdxOyS4yzOhj,iridescence,BROCKHAMPTON,2018-09-21,album
5c2AzoNyr46fCQM5d8mxE0,SATURATION III,BROCKHAMPTON,2017-12-15,album
0XnqQzdSFAml08XZoRt1St,SATURATION II,BROCKHAMPTON,2017-08-25,album
67smHJOf5YlFwad6dAlppm,SATURATION,BROCKHAMPTON,2017-06-09,album
48IFY1wERoy8Lac5FuXHpc,ALL-AMERICAN TRASH,BROCKHAMPTON,2016-04-11,album
1dDce0qvYA4ewr8pJMBmA5,NO HALO,BROCKHAMPTON,2019-08-22,album
4lRiXGum7cZNDDFLebNjoj,BOY BYE,BROCKHAMPTON,2019-08-15,album
4oIbhyy9UZlP4JgN0IFciv,IF YOU PRAY RIGHT,BROCKHAMPTON,2019-08-08,album
5HqRWEyebynyWRmmoyotJU,I BEEN BORN AGAIN,BROCKHAMPTON,2019-08-01,album
2YltjwKulQeLRj4C4O7M1X,1997 DIANA,BROCKHAMPTON,2018-07-27,album
6tTJbJAS6kJpKRz0gZIWMU,1998 TRUMAN,BROCKHAMPTON,2018-07-19,album
279n8A7MneZ790ohTb6g6p,1999 WILDFIRE,BROCKHAMPTON,2018-07-07,album
5YrdESjCLUXMKaz8gQR9Js,STAINS,BROCKHAMPTON,2017-12-14,album
4PQtODnHlq5ETTwv6J3NYq,BOOGIE,BROCKHAMPTON,2017-12-12,album
1HUGoLeGEmtg1Csw88DeTs,SWEET,BROCKHAMPTON,2017-08-22,album
5woweVGZbZJD2O793D51bD,JUNKY,BROCKHAMPTON,2017-08-15,album
7AOYu7UkUTbRAGj4fBcF5M,SWAMP,BROCKHAMPTON,2017-08-08,album
5gXGNnrSkjB12HoAm1YoTz,GUMMY,BROCKHAMPTON,2017-08-02,album
1HP3EAW5SzraHJ49eENEYs,GOLD,BROCKHAMPTON,2017-05-30,album
7nn2Iaphg0Vc1NCGULkhVo,True to Self,Bryson Tiller,2017-05-26,album
6eZdwrhB97A3EYx9QppGfl,T R A P S O U L,Bryson Tiller,2015-10-02,album
2OOcufzAxz4qgzadyJaEty,Blame,Bryson Tiller,2019-07-26,album
4KaiF5ihKW95stXJ8XIR22,Canceled,Bryson Tiller,2018-09-11,album
7hhWPFOdpmA1R9pUM5iUwe,Insecure,"Jazmine Sullivan, Bryson Tiller",2017-08-04,album
69Hh6cICpfig9bfP8TBgNQ,Get Mine,Bryson Tiller,2017-05-10,album
3BjVNKsPNcmSGG5n4bHNUq,Let Me Explain,Bryson Tiller,2016-10-20,album
38Ti2htzxm39mc39WGVDut,Sorry Not Sorry,Bryson Tiller,2015-08-21,album
0fKvsayyVo5gj2Ow61GspA,Been That Way,Bryson Tiller,2015-08-21,album
33QmlmdmJnFBkKgRKXh0SJ,Don't,Bryson Tiller,2015-05-20,album
48MEn0ys0elSXOUrtVhvsL,Exchange (Igbo Version),Bryson Tiller,2015,album
7bgi7zCoDsZdlLKPonHZqP,The Big Day,Chance the Rapper,2019-07-26,album
71QyofYesSsRMwFOTafnhB,Coloring Book,Chance the Rapper,2016-05-27,album
2VBcztE58pBKjIDS5oEgFh,Acid Rap,Chance the Rapper,2013-04-30,album
6bUsvxMAuR8NXG2ujCU4yi,10 Day,Chance the Rapper,2012-04-03,album
432608DLpP0hExluDkY3Yh,Gucci Pajamas (feat. Chance the Rapper and Charlie Wilson),"Guapdad 4000, Chance the Rapper, Charlie Wilson",2019-10-03,album
49bXZtlI5kQSqQMSCnSaWO,Cross Me (feat. Chance the Rapper & PnB Rock) [M-22 Remix],"Ed Sheeran, Chance the Rapper, PnB Rock",2019-06-21,album
5MKInakULmoBNApeB2ZB3A,Cross Me (feat. Chance the Rapper & PnB Rock),"Ed Sheeran, Chance the Rapper, PnB Rock",2019-05-24,album
4tvWn8rsp56lzyMKV409Og,GRoCERIES,Chance the Rapper,2019-05-17,album
3oa90TbTT5bJwCUJ5fDmvu,The Man Who Has Everything,Chance the Rapper,2018-11-30,album
6RQhltF3miWYkdfDT0JIbG,My Own Thing,Chance the Rapper,2018-11-29,album
3vmi56TsSbDKwnN9ZnWROz,Wake Up (feat. Chance the Rapper),"Tee Grizzley, Chance the Rapper",2018-11-05,album
5pQOfgCqpu4RrJAfQToFa8,I Might Need Security,Chance the Rapper,2018-07-19,album
53vsM5JN76NXiv7aj4PXK1,Work Out,Chance the Rapper,2018-07-18,album
3aMsYP1nhJx0rJ6DX6bvAe,Wala Cam,Chance the Rapper,2018-07-17,album
3SQBhLa7AkmCNWuDmJpRkD,65th & Ingleside,Chance the Rapper,2018-07-16,album
4OtCzrYbNZp8c5czzAJeUP,Angels (feat. Saba),Chance the Rapper,2015-10-27,album
5BisPwmcPAZ6jyo1GZNgIn,The GloFiles (Pt. 3),Chief Keef,2019-11-08,album
5yrvZXsfvB9hvmY61JjLBT,The Leek (Vol. 8),Chief Keef,2019-07-26,album
7Emb8y1pVooAMZHOUmqduR,Camp GloTiggy,Chief Keef,2019-05-31,album
2gG16AQytvGhsS51Xg6wh3,GloToven,"Chief Keef, Zaytoven",2019-03-15,album
13RcoaQNDCWNrBNlHaTCS3,The Leek (Vol. 7),Chief Keef,2019-01-18,album
3fft7xbsjbCB16M4PIVVkM,The Leek (Vol. 6),Chief Keef,2018-12-07,album
2H7gR72Pdgr6vSm7ZFgznD,Back From The Dead 3,Chief Keef,2018-10-31,album
1Wfr7zwBCyHH2n9A2s651R,Mansion Musick,Chief Keef,2018-07-13,album
5dmZ6V8zSQV5YJI6i2r3Sh,The GloFiles (Pt. 1),Chief Keef,2018-05-11,album
5wZxjDQqndilCFhJWtLBS0,The GloFiles (Pt. 2),Chief Keef,2018-05-11,album
4Carzsnpd6yvuHZ49I0oz8,"""Awaken, My Love!""",Childish Gambino,2016-12-02,album
5dVKggb6Nvfp7JJdLfHPof,Kauai,Childish Gambino,2014-10-03,album
4GNIhgEGXzWGAefgN5qjdU,Because the Internet,Childish Gambino,2013-12-10,album
5521VBNriW9xUAaTETHQTE,Heartbeat (Remix Bundle),Childish Gambino,2012-02-14,album
32KdoFFhgjCLdU0DWL71tx,Camp,Childish Gambino,2011-11-15,album
15k99o4mZJ9mfpQGIOrZ45,Summer Pack,Childish Gambino,2018-07-11,album
7arx9qPJexCsDz67El4qvk,This Is America,Childish Gambino,2018-05-06,album
6L4gtDcKB0RBRpx2DhHrsQ,EP (2011 Re-Release),Childish Gambino,2018-01-31,album
2G9FRPp7VGiSM2cwViy10h,What Kind of Love,Childish Gambino,2014-03-03,album
3Sg4sYHIi75iwF7mhJgAJX,3005 (Friction Remix),Childish Gambino,2014-01-01,album
5cGq3i9WnzN14QZS1obN1W,Bonfire,Childish Gambino,2011-01-01,album
3fFlGU0k3z7wle0gp4wNrU,Til The Casket Drops,Clipse,2009-12-08,album
7L5rQPYfIMSkHdcSlRMIz6,Re-Up Gang The Saga Continues,Clipse,2008-04-22,album
1HftQWyKWoGsrmG5lRkJDE,Hell Hath No Fury,Clipse,2006-11-25,album
1Q83nQO2QG81TVa10hW7LX,Lord Willin',Clipse,2002-04-01,album
0JIw8dxKBYU32zs6SOXgIG,All Eyes on Me,Clipse,2009-08-25,album
4MhBiedCLH64m2hDT5w25i,I'm Good,Clipse,2009-06-30,album
0EmBSFaDXCCN2gNWwguDO4,Kinda Like a Big Deal,Clipse,2009-05-21,album
32xwx20VobdxWJ58dYclja,Fast Life,Clipse,2008-07-08,album
13VgSaIqdj5M5ZOeVxwyuV,Mr. Me Too,Clipse,2006-05-23,album
6Rf7DjuM5vH2SzNJytE9h4,Let Love,Common,2019-08-30,album
2DTbGcv40CSMW0P4yAQQBa,Black America Again,Common,2016-11-04,album
74hPuIcd2Wa0T3FRqtTKHX,Black America Again (Commentary),Common,2016-11-04,album
0ymZEUngBCetAJcJaqO63b,Nobody's Smiling (Deluxe),Common,2014-07-22,album
6sG3BcBh4DlQ9dzW6BHklG,Nobody's Smiling,Common,2014-07-22,album
17eQeA5m7DpsZ42mUAGjgG,"The Dreamer, The Believer",Common,2011-12-20,album
6wl2laSmw3sucFUwRlqAP2,Universal Mind Control,Common,2008-01-01,album
5159VIYNslxNMzF3m53kSu,Finding Forever,Common,2007-07-31,album
2UuvBxV56QWWj2uviGS0up,Be,Common,2005-01-01,album
4eD2SoySMPRl0SBv7rqk1X,Electric Circus,Common,2002-01-01,album
59w1ZYEEZu2sYvcyPLfKSv,Like Water For Chocolate,Common,2000-03-28,album
4G3BRVsGEpWzUdplFJ1VBl,uknowhatimsayin¿,Danny Brown,2019-10-04,album
3e7vtKJ3m1zVh38VGq2g3H,Atrocity Exhibition,Danny Brown,2016-09-27,album
2L32VPdX8NcICxVf6AhDqD,Hot Soup - Instrumentals,Danny Brown,2014-04-05,album
5SC0415RIGVX9ZfL0tfbAl,Old,Danny Brown,2013-10-08,album
1QESrfmlfAl19Gr8mXcysi,XXX (Deluxe Edition),Danny Brown,2012-03-13,album
61KN8iSYTZq58bfsCfEwiZ,Black And Brown,"Black Milk, Danny Brown",2011-11-01,album
0P4u1ZRM6CXePgpeF8ShmN,The Hybrid - Deluxe Edition,Danny Brown,2010,album
1h19AU04eolAfpQ3ywiQGX,Hot Soup,Danny Brown,2008-07-01,album
7zeOQq6DQjThqgRFxHbTvH,READY TO GO,"Baauer, Channel Tres, Danny Brown",2019-12-13,album
5Qr6ONs20g2U3DCLFmVC1S,3 Tearz,Danny Brown,2019-10-01,album
2tAHWLDYBRxDqFM4d3Dns1,Best Life,Danny Brown,2019-09-17,album
44qTyEwDulRyxbQz3LtZvq,Dirty Laundry,Danny Brown,2019-09-05,album
0DSsxPOUQ09kKxfvQjetLV,Really Doe,Danny Brown,2016-09-20,album
1828pmLkhyyRx8WPaNU3ZY,Pneumonia,Danny Brown,2016-08-19,album
25FsJBnjENIDdf7DQEnPnV,When It Rain,Danny Brown,2016-06-14,album
1t9hUL9040ovyIS9HXEyc2,Fresh off the Boat Main Title Theme,Danny Brown,2015-03-31,album
5Zvl8icQnJURVkC0ZJnuuR,Smokin & Drinkin,Danny Brown,2014-07-18,album
24wuI8gOaXIVyDuodiLLqQ,25 Bucks,Danny Brown,2014-04-14,album
0ZBnYcRZmqRNFBogAchX7E,Belispeak II,"Purity Ring, Danny Brown",2012-10-10,album
46eayJPxf1cBWWUqNa2MJJ,Year Of The Snitch,Death Grips,2018-06-22,album
4dIPUQHheyH9e6ioplvNT2,Bottomless Pit,Death Grips,2016-05-06,album
0T0hdMTypoYTFhgk4ugXkN,Fashion Week,Death Grips,2016-05-06,album
5Y04ylQjDWsawOUJXzY4YO,The Powers That B,Death Grips,2015-02-10,album
3T01oOjbrox1jz0pR112oV,Government Plates,Death Grips,2014-01-14,album
1PQDjdBpHPikAodJqjzm6a,The Money Store,Death Grips,2012-04-20,album
08aqY8lv4zx4uaqBUpMD8a,No Love Deep Web,Death Grips,2012,album
2Vo2aX0ilCxqGm1blHH0VU,Shitshow,Death Grips,2018-06-18,album
6Jnge7aSI0WZFro5OTjaCu,Hahaha,Death Grips,2018-06-08,album
6G0V4gBHa4oU9PJWwVmcGn,Flies,Death Grips,2018-06-01,album
2jC2svBjrdCRFj2O0Po69G,Black Paint,Death Grips,2018-06-01,album
6LxzSJwhh6txfZCO5A1KM0,Streaky,Death Grips,2018-06-01,album
2Wuq9tP4d0FaLR1712Cs2F,Steroids (Crouching Tiger Hidden Gabber),Death Grips,2017-05-22,album
14j6VDGzfZXySRaYlIKJzA,Interview 2016,Death Grips,2016-03-22,album
2xj952lRTFfcxPpnu0R79L,Inanimate Sensation,Death Grips,2015-01-27,album
2qEqDJ20yMk7cY2PkYYgRH,Guillotine - Single,Death Grips,2011-08-03,album
6eeCs8ZeZOjfrelD8DaqL9,Full Moon (Death Classic) - Single,Death Grips,2011-04-27,album
6PkSBdx19zarn4ae1D08gA,ZUU,Denzel Curry,2019-05-31,album
6idVoBWP2mt1qoMtASm3gc,TA13OO,Denzel Curry,2018-07-27,album
42fyKPanos0Q3woi848ktg,Imperial,Denzel Curry,2016-10-14,album
1t05YAzxjK1HqLD2KcBjx5,32 Zel,Denzel Curry,2015-06-09,album
2p6ZDKxKQcDbhmawQeVXEc,SPEEDBOAT (J Rick Remix Feat. SL),"Denzel Curry, J Rick, SL",2019-12-06,album
1awYYlPxboJHZqiEFXEdTh,Tokyo Drifting,"Glass Animals, Denzel Curry",2019-11-13,album
0kWahEXdUersaxWrukioH2,Psycho,"Denzel Curry, slowthai",2019-09-10,album
2pJFftS8g9JPp57IJxHjiV,Spotify Singles,Denzel Curry,2019-07-31,album
2IH6OKfpHWi7bonXusaSRh,Shawshank [Feat. Tate Kobang],Denzel Curry,2019-07-24,album
2cDAXVSUGlfAGHuH25AGSz,BLACK BALLOONS | 13LACK 13ALLOONZ (Love Below Remixes),Denzel Curry,2019-03-29,album
51QdGnlyVLQBPofWLSngZR,Bulls on Parade (triple j Like A Version),Denzel Curry,2019-03-15,album
6Jhbv2fFOs9zxyLEwRnAfn,ALOHA,"Charlie Heat, Denzel Curry",2019-03-07,album
0JTIBD6mNsiCSHJKybFY97,"Please Forgive (feat. Denzel Curry, IDK, Zombie Juice & ZillaKami)","Powers Pleasant, Denzel Curry, IDK",2018-10-17,album
4u0jcVRikLvkom61PUG1j7,CLOUT COBAIN | CLOUT CO13A1N,Denzel Curry,2018-07-12,album
4uYWK9yQWjaHQwXEqvARmQ,PERCS | PERCZ,Denzel Curry,2018-05-25,album
54LKM2LRiXRchA2zqAfTnR,Uh Huh,"Denzel Curry, IDK",2018-04-13,album
7yWTsem4ar0qVYdyKOF1sS,SUMO | ZUMO,Denzel Curry,2018-03-30,album
2MH28cFMrV87K2iMtFs5pS,No Wave (feat. Denzel Curry),"IDK, Denzel Curry",2018-02-16,album
7AAfQSVbt4tCA7HFIl0Qy6,Babylon (feat. Denzel Curry) [Remixes],"Ekali, Denzel Curry",2017-10-06,album
6c5jczZdfW5w41JUB2h0ur,Skywalker,Denzel Curry,2017-08-18,album
6ZnMFVV5HDv2xmHG7bn7et,Compton,Dr. Dre,2015-08-21,album
7q2B4M5EiBkqrlsNW8lB7N,2001,Dr. Dre,1999-11-16,album
3t3Ar2cJUVLY6yTRmrezI8,2001 Instrumental,Dr. Dre,1999-11-16,album
45IcnOlgrZDKNwwbNO7CAn,I Need A Doctor,Dr. Dre,2011-02-01,album
7r3ZRX5UIxKteuTMu7vL7B,Kush,Dr. Dre,2010-01-01,album
7dqpveMVcWgbzqYrOdkFTD,Care Package,Drake,2019-08-02,album
1LShhEEKRT5MNPcO7jtYHh,So Far Gone,Drake,2019-02-15,album
1ATL5GLyefJaxhQzSPVrLX,Scorpion,Drake,2018-06-29,album
1lXY618HWkwYKJWBRYR4MK,More Life,Drake,2017-03-18,album
0G1ffjfFuTUTVjDrVdLimH,Views,Drake,2016-05-13,album
15QCBYjP6HwHvsff100UBx,What A Time To Be Alive,"Drake, Future",2015-09-25,album
0ptlfJfwGTy0Yvrk14JK1I,If You're Reading This It's Too Late,Drake,2015-02-12,album
5mz0mJxb80gqJIcRf9LGHJ,Nothing Was The Same (Deluxe),Drake,2013-01-01,album
1XslIirSxfAhhxRdn4Li9t,Nothing Was The Same,Drake,2013-01-01,album
0N0EFoE8csbKxl5lxT1ylm,FEET OF CLAY,Earl Sweatshirt,2019-11-01,album
66at85wgO2pu5CccvqUF6i,Some Rap Songs,Earl Sweatshirt,2018-11-30,album
3wUv2IjD5hPrqlPakpczQa,"I Don't Like Shit, I Don't Go Outside: An Album by Earl Sweatshirt",Earl Sweatshirt,2015-03-23,album
5vRfIDOPJHy3W2wHWbzLlE,Doris,Earl Sweatshirt,2013-08-16,album
45PUYrf2v93LLuqfwidDnf,The Mint (feat. Navy Blue),Earl Sweatshirt,2018-11-20,album
7rTSUIDeqU9FOZRYLyXrEJ,Nowhere2go,Earl Sweatshirt,2018-11-08,album
6s1Sa5oXpTdRhRywaffoVw,Grief,Earl Sweatshirt,2015-03-17,album
6XgxLUYHZjyhVBw1ARtEdn,Hive,Earl Sweatshirt,2013-07-23,album
3WWSmBNzbeM30eVyzVp9Bd,Whoa,Earl Sweatshirt,2013-03-12,album
4otkd9As6YaxxEkIjXPiZ6,Music To Be Murdered By,Eminem,2020-01-17,album
3HNnxK7NgLXbDoxRZxNWiR,Kamikaze,Eminem,2018-08-31,album
7cwcyW39NGUAiukHc1MOFD,Revival,Eminem,2017-12-15,album
6DN7GcZF1HywzrkGN6Eeqk,The Marshall Mathers LP2 (Deluxe),Eminem,2013-11-05,album
3vOgbDjgsZBAPwV2M3bNOj,The Marshall Mathers LP2,Eminem,2013-11-05,album
47BiFcV59TQi2s9SkBo2pb,Recovery,Eminem,2010-06-18,album
7MZzYkbHL9Tk3O6WeD4Z0Z,Relapse: Refill,Eminem,2009-05-15,album
7h2OEj0ifXb3UdgvTmCqfY,Relapse,Eminem,2009-05-15,album
6HXlnhMr40FP2qBTnKXRbA,Relapse [Deluxe],Eminem,2009-05-15,album
1kTlYbs28MXw7hwO0NLYif,Encore (Deluxe Version),Eminem,2004-11-12,album
3mH6qwIy9crq0I9YQbOuDf,Blonde,Frank Ocean,2016-08-20,album
392p3shh2jkxUxY2VHvlH8,channel ORANGE,Frank Ocean,2012-01-01,album
71VX8yv9T2hNIYVZJVUWVp,In My Room,Frank Ocean,2019-11-02,album
1Fh1gzTOImG12M35w3nqQF,DHL,Frank Ocean,2019-10-19,album
0iqqnLXoocsMeCYlTw3Q2q,Moon River,Frank Ocean,2018-02-14,album
7uSaHPXSYaRB3FxLOmatG9,Provider,Frank Ocean,2017-08-27,album
46H4UzFHMLnGgpyrj9HpKr,Biking (Solo),Frank Ocean,2017-05-15,album
5F4I5eUqVK1CpQbzt1ntMC,Lens,Frank Ocean,2017-04-23,album
7yOOPJjNelITCaYMqk8V6r,Biking,Frank Ocean,2017-04-10,album
6OGzmhzHcjf0uN9j7dYvZH,Chanel,Frank Ocean,2017-03-10,album
68j4AeI3JdszaZ7mhCh4Yo,Thinkin Bout You,Frank Ocean,2012-01-01,album
3RYdEXhGHojkTILUdtnRVJ,Novacane,Frank Ocean,2011-01-01,album
3TLaFWQDhV1g39Qwd5sPAm,Swim Good,Frank Ocean,2011-01-01,album
31KbO7WnDp2AjPdmRTJzdf,Bandana,"Freddie Gibbs, Madlib",2019-06-28,album
3JgtFZroTUGoklTtb2xOne,Fetti,"Curren$y, Freddie Gibbs, The Alchemist",2018-10-31,album
6JaEv20qGvSgIHQbxwtjUu,Freddie,Freddie Gibbs,2018-06-22,album
2LCCg172ZNVAA9aFH2EPst,You Only Live 2wice,Freddie Gibbs,2017-03-31,album
41zRghNRGMG6l8dYtRp3iI,Shadow of a Doubt,Freddie Gibbs,2015-11-20,album
3MmQYoMTS3hGiBLKDuId4b,Piñata (Alex Goose Remix),"Freddie Gibbs, Madlib",2015-11-13,album
5AW4FwzZSKW1se5qWQCrR1,Piñata (Alex Goose Instrumental Remix),"Freddie Gibbs, Madlib",2015-11-13,album
0WGBGGhEa9RjcLNWkYFMuJ,Piñata (Alex Goose Remixes),"Madlib, Freddie Gibbs",2015-10-30,album
1GYG80diXFWYwH7FJB7KeC,Piñata Beats,"Madlib, Freddie Gibbs",2014-06-03,album
7nfBj1HTi3LHg5lJt1LbE4,The Tonite Show with Freddie Gibbs & The Worlds Freshest,"Freddie Gibbs, DJ.Fresh",2014-05-13,album
43uErencdmuTRFZPG3zXL1,Piñata,"Freddie Gibbs, Madlib",2014-03-18,album
2CKPvOCCB1aCh5ZHoXm5vT,ESGN - Evil Seeds Grow Naturally,Freddie Gibbs,2013-06-19,album
6z2F5JAAILOH3nyvNcECy8,Cold Day In Hell,Freddie Gibbs,2012-12-11,album
6r4A1kEu3HAGMpEYBqocVl,"Lord Giveth, Lord Taketh Away","Freddie Gibbs, Statik Selektah",2012-10-02,album
15k8vlPxxEjhpHAxuwSBUh,Baby Face Killa,Freddie Gibbs,2012-09-25,album
0zrSpGKGnSbKoeIavHiy6I,Str8 Killa,Freddie Gibbs,2010-08-03,album
4zv8fBnpl74bnzlYYi5Yih,Midwestgangstaboxframecadillacmuzik,Freddie Gibbs,2009-01-01,album
1c5SNuDvXXiD9g0IKBUh28,The Miseducation of Freddie Gibbs,Freddie Gibbs,2009,album
6Q3VZtyPCZFMO4cPF4828q,Monster,Future,2019-10-28,album
65hRa80KDworqyE8242rLN,SAVE ME,Future,2019-06-07,album
3LpIwZdzFwc10psLingT8x,Future Hndrxx Presents: The WIZRD,Future,2019-01-18,album
6P9PZjWXoCRF5b66BafPKY,Future & Juice WRLD Present... WRLD ON DRUGS,"Future, Juice WRLD",2018-10-19,album
6Ew52HWkgfbth9ihRAq2Xd,BEASTMODE 2,Future,2018-07-06,album
0C0Vs4XobImmqpr6kIasde,SUPERFLY (Original Motion Picture Soundtrack),"Future, Lil Wayne",2018-06-15,album
187UNqZ7MX3neMYkkevmdm,SUPER SLIMEY,"Future, Young Thug",2017-10-20,album
7K6OykPbezfgKgBufihn6X,HNDRXX,Future,2017-07-27,album
17FBoXK1NU2rvJBbzdzw0r,FUTURE,Future,2017-06-30,album
1GvR0Bjqbq1ejwjzLjrOcG,Beast Mode,Future,2016-11-29,album
3jJKDKdlwRS584zUlHV2Ly,EVOL,Future,2016-04-13,album
0fUy6IdLHDpGNwavIlhEsl,DS2 (Deluxe),Future,2015-07-17,album
3dP0TFEEzTXJQKtrpsKFUj,DS2 - Track by Track Commentary,Future,2015-07-15,album
7EYx33pYJKBfjCaDsfIjp4,Ghostface Killahs,Ghostface Killah,2019-09-13,album
4hQXk5RY7rL0NMxdR0x49U,Czarface Meets Ghostface,"CZARFACE, Ghostface Killah",2019-02-15,album
40c7E8VG9R8U0NKft7J7Yk,Ghost Files - Bronze Tape,"Ghostface Killah, Bronze Nazareth",2018-11-30,album
4t1y7sVACbddwczEcQs5HI,Ghost Files - Propane Tape,Ghostface Killah,2018-11-30,album
6WkwHbcr6RAIqa72NsDFea,The Lost Tapes,Ghostface Killah,2018-10-05,album
2fPz4Kn1vZTFZVbP0ia8Vq,Adrian Younge Presents: 12 Reasons to Die I,"Ghostface Killah, Adrian Younge, Linear Labs",2018-03-30,album
7yXfSAtdHFZ1pYSubEio6a,The Brown Tape,"Ghostface Killah, Apollo Brown",2018-01-26,album
3G7WHOu9IDqO4UKyw2IfUr,Adrian Younge Presents: 12 Reasons To Die II,"Ghostface Killah, Adrian Younge, Linear Labs",2015-06-26,album
0hWXtK4mP6Be6AHIllknU7,Sour Soul (Instrumentals),"BADBADNOTGOOD, Ghostface Killah",2015-05-18,album
7gP4vkln7Qmbycgx8WwTzL,Sour Soul,"BADBADNOTGOOD, Ghostface Killah",2015-02-19,album
2MNtOTfhYOxIw5xWEQHUvZ,36 Seasons,Ghostface Killah,2014-12-09,album
2o8bBwp8CMxyeCg4P6KF7A,Hidden Darts Special Edition,Ghostface Killah,2010-09-22,album
3hPl7uRfNdRvoRW0kUzkVk,Apollo Kids,Ghostface Killah,2010-01-01,album
04HkBvk0hRK9rLqmdDTuB8,Wu Massacre,"Method Man, Ghostface Killah, Rae",2010-01-01,album
6D9kjJvj2pdYEfjkJZDu9s,Wu Tang Presents…Wu Massacre,"Method Man, Ghostface Killah, Raekwon",2010-01-01,album
4imA6mzSbTkAm0GoHh6zRF,Ghostdini Wizard Of Poetry In Emerald City,Ghostface Killah,2009-01-01,album
5nmN1wW90fbqNbz7ltY7rg,Pro Tools,GZA,2008-08-19,album
0ic6rMSwqDasuXSA7zJ1pw,The Pro Tools Instrumentals,GZA,2008-08-19,album
3jSH6iHYvCsAphx5eUkQNb,Grandmasters,"DJ Muggs, GZA",2005-10-25,album
5uxYLiUKqQNoiD5rIVHnkm,Legend Of The Liquid Sword,GZA,2002-01-01,album
4QMKELvG0VNODbiFigj4K9,Beneath The Surface,GZA,1999-01-01,album
3k8xoyOXkGgZxUKgpmxz4P,Liquid Swords,GZA,1995-01-01,album
2VAkuykzZIKUt3yAT8HIhK,The Spark,GZA,2016-06-30,album
3pmV3D9LVVeRl445fgrmoX,The Mexican (feat. Tom Morello & K.I.D.) - Single,GZA,2015-03-03,album
7DrMe8icxQoMxZSrWi1Fn1,Paper Plate,GZA,2008-07-15,album
3yqh4GloDckktxhGHvcdpz,Cold World,GZA,1995-05-01,album
2sLL3R2AD4G8ssa31KBxBp,Cold World (Remixes),GZA,1995-01-01,album
6jjX8mGrsWtrpYpFhGMrg1,The Sun's Tirade,Isaiah Rashad,2016-09-02,album
6JF49ixyHmOgS0Rsda2k42,Cilvia Demo,Isaiah Rashad,2014-01-28,album
1DvoIwrusbeQkaEFRFueTC,Free Lunch,Isaiah Rashad,2016-08-04,album
2nyOnMxNFesS4LgbiTJLng,Smile,Isaiah Rashad,2016-01-15,album
1zRXmMa2gKZ9C2giHrnj4D,Nelly,Isaiah Rashad,2015-09-30,album
4MCPd6AmA6xfmmggVgtUmP,Ruff Draft (Dilla's Mix),J Dilla,2018-04-20,album
1rkeTe6U87qi8yCRuaAjL7,"J Dilla's Delights, Vol. 1",J Dilla,2017-06-16,album
0v9TomxoVagPyvVNGhDbyB,Motor City,J Dilla,2017-04-21,album
3cuTZGpaOoSETI0HChtro5,Jay Dee's Ma Dukes Collection,J Dilla,2016-12-23,album
339adC6BXzqIBYVfO2gqnN,Champion Sound: The Remix,"Jaylib, J Dilla, Madlib",2016-11-25,album
4Scp3UTzE630nkPDvkx246,Jay Dee a.k.a. King Dilla,J Dilla,2016-10-17,album
13U6VMbPcQMgIswWcRUMnI,The Shining – the 10th Anniversary Collection,J Dilla,2016-08-19,album
1JKqsdbwfOK1233EOT67ZM,Jay Love Japan,J Dilla,2016-06-06,album
572uuU7BBaHJpkz6XhveN7,The Diary,J Dilla,2016-04-15,album
5kTINh4kyYiCLhneXGtKDe,"The King of Beats, Vol 2: Lost Scrolls",J Dilla,2016-02-19,album
0Kh9j1Van0OshA6ogFPVA9,Dillatronic,J Dilla,2015-10-30,album
2uneuSwxM1Sk4Ku4YqpjEA,The Diary (Instrumentals),J Dilla,2015-07-08,album
3rnppXWBl6wECc3tiLyG16,The King of Beats (Batch #1),J Dilla,2015-02-07,album
3rx0d5EBLCthDV3jWK5TOG,The King of Beats (Batch #2),J Dilla,2015-02-07,album
5vDuDvpv9xwrc1T4RUMpG9,The King of Beats (Batch #3),J Dilla,2015-02-07,album
3zlzM62D7cMQS4TXL2GNj3,The King of Beats (Batch #4),J Dilla,2015-02-07,album
27xemdV6LEuA82QUa0wW6d,"The King of Beats, Vol. 1",J Dilla,2015-02-07,album
5PerfGh9Smd6XjwkxpmL4V,Revenge Of The Dreamers III: Director's Cut,"Dreamville, J. Cole",2020-01-16,album
2n3quCZ0anEa46j2IveacI,Revenge Of The Dreamers III,"Dreamville, J. Cole",2019-07-05,album
4Wv5UAieM1LDEYVq5WmqDd,KOD,J. Cole,2018-04-20,album
3CCnGldVQ90c26aFATC1PW,4 Your Eyez Only,J. Cole,2016-12-09,album
1yZC8xZwv4gsmCZ4p4JWdI,"Forest Hills Drive: Live from Fayetteville, NC",J. Cole,2016-01-28,album
7viNUmZZ8ztn2UB4XB3jIL,2014 Forest Hills Drive,J. Cole,2014-12-09,album
1NfrmcXk8xNennyxQ57JcW,Born Sinner,J. Cole,2013-06-14,album
0fhmJYVhW0e4i33pCLPA5i,Cole World: The Sideline Story,J. Cole,2011-09-27,album
6p9Y1K9yu3ojyS8fBJXUnp,The London,"Young Thug, J. Cole, Travis Scott",2019-05-23,album
3XzSOIE6zGLliuqsVGLmUc,MIDDLE CHILD,J. Cole,2019-01-23,album
2uL4yvjeT0c3Wv8CF9lQcN,Album of the Year (Freestyle),J. Cole,2018-08-07,album
4ybYv7EEFN9vs1KFJqi1O9,High For Hours,J. Cole,2017-01-18,album
2oI6gtIXrvNiL2VEMmj5kY,DiCaprio 2,JID,2018-11-26,album
1gPqbxhs90kppgOVxGOPzd,The Never Story,JID,2017-03-10,album
00jlxkdE1FvkvEMqQvAXZ3,Ego Check,"Wynne, JID",2019-10-11,album
4w3s1HHvmPy42rAeC9L0G4,Workin’ Out - A Colors Show,JID,2019-10-08,album
1ffElvStUPwXnCwQOzXOUY,On Sight,"Free Nationals, JID, Kadhja Bonet",2019-09-20,album
7ea3CKwOhZwtDMEHLdGsOU,"Costa Rica (with Bas & JID feat. Guapdad 4000, Reese LAFLARE, Jace, Mez, Smokepurpp, Buddy & Ski Mask The Slump God)","Dreamville, Bas, JID",2019-07-01,album
34FXGW2Nr8JpwTfTEgO181,Pay the Man (Remix),"Foster The People, JID, Saba",2017-12-13,album
4VYVZXdJuoTCGDFaDAnYsy,Underwear,JID,2015-06-30,album
4IAMLhL37kMrpByavj25Ne,Redemption,Jay Rock,2018-06-15,album
1fsvlnonD95p6VTEdQ7zJn,90059,Jay Rock,2015-09-11,album
6bPbKuFNW6Vausf1PExvd9,Follow Me Home,Jay Rock,2014-11-10,album
3MwxfLMaztuCkOnsrisxGn,From Hood Tales to the Cover of XXL,Jay Rock,2010-07-20,album
3RtWZKI0IOVVvtARKisNbs,WIN (feat. Snoop Dogg) [Remix],Jay Rock,2018-10-30,album
6ivbAzFUoufsIs8DKRNZ52,Tap Out II (Open Verse),Jay Rock,2018-10-22,album
0AykQgBtKmWJkQvomIKYSF,Rotation 112th (feat. Rich The Kid) [Remix],Jay Rock,2018-08-31,album
1NXM5lF9YB7a3f1e4R48oH,"King's Dead (with Kendrick Lamar, Future & James Blake)","Jay Rock, Kendrick Lamar, Future",2018-01-12,album
2LEHHurOwauEWms4ATvySl,Do You Know,Jay Rock,2016-06-24,album
43RbK79xoUGDLRlWyKppKM,Gumbo,Jay Rock,2015-07-01,album
4NVVAhHbhmHhIOk1Vm6O7r,Money Trees Deuce,Jay Rock,2015-06-02,album
1BJQlvw5YQAq6gDrLxVb9y,Pay for It (feat. Kendrick Lamar & Chantal),Jay Rock,2014-10-27,album
1NPxBmG3k3UzybcaxxSVuB,Escape From New York,"Beast Coast, Joey Bada$$, Flatbush Zombies",2019-05-24,album
6swV0WUnPygRIMgEKn6Ige,ALL-AMERIKKKAN BADA$$,Joey Bada$$,2017-04-07,album
4diNkL6XWhuGmSQHiyiUPt,B4.Da.$$,Joey Bada$$,2015-01-20,album
3s5S4XAC5HgHaTyH5Nm8ED,Joey Bada$$ / Pro Era Instrumentals,"Lee Bannon, Joey Bada$$",2013-11-12,album
4Y05rEclWNlQLKD08SsJLC,Summer Knights,Joey Bada$$,2013-10-29,album
5ra51AaWF3iVebyhlZ1aqq,1999,Joey Bada$$,2012-06-12,album
6IFlJoyD2owxC8cLaJWZXq,Rudebwoy (feat. Joey Bada$$),"CJ Fly, Joey Bada$$",2019-09-27,album
3bzhpZsDbqxQ1qknXNjo90,"Snow In The Stadium (feat. Erick The Architect, Joey Bada$$, Meechy Darko, Kirk Knight, CJ Fly & Issa Gold)","Beast Coast, Joey Bada$$, Flatbush Zombies",2019-05-22,album
0yyfMnEimm0MScqfGFnyT8,"Coast/Clear (feat. Joey Bada$$, Flatbush Zombies, Kirk Knight, Nyck Caution & Issa Gold)","Beast Coast, Joey Bada$$, Flatbush Zombies",2019-04-12,album
0Qhvo7PjCncdnXDtwfdHSL,"Left Hand (feat. Joey Bada$$, Flatbush Zombies, The Underachievers, Kirk Knight, Nyck Caution, CJ Fly)","Beast Coast, Joey Bada$$, Flatbush Zombies",2019-03-11,album
5qrS7Q1Ti2tJxxmi6fMmXa,Still New York,"MAX, Leslie Grace, Joey Bada$$",2018-11-07,album
0QW05QbsL29E7jpgqF6xwk,Still New York (Remixes),"MAX, Joey Bada$$",2018-09-21,album
6mZcQGqiuvd09tHe67zbkn,"Pull Up (feat. Joey Bada$$, Meechy Darko, Zombie Juice & The Underachievers) [Beastcoast Remix]","Powers Pleasant, Joey Bada$$, The Underachievers",2018-09-19,album
799tlZK0df5CVzxqRAyzvB,Pretty Boys,"Kasai, Joey Bada$$",2018-07-03,album
6JlTDTIecij0nI9ScmNrjK,Lil Arrogant (feat. Joey Bada$$ & Russ),"IDK, Joey Bada$$, Russ",2018-05-11,album
5ABjPCy74Ob7UpxBiAPxwz,Pull Up (feat. Joey Bada$$ & A$AP Ferg),"Powers Pleasant, Joey Bada$$, A$AP Ferg",2018-04-11,album
3qwItEH7atPC3t7FF0KdWV,The Mood,"Smoke Dza, Joey Bada$$",2018-02-28,album
5ilsl5R2lGACTnPZMKIp7o,All My Heroes Are Cornballs,JPEGMAFIA,2019-09-13,album
51WLEfPEEkzAWurvuY6Gco,Veteran,JPEGMAFIA,2018-08-22,album
5ZvLqwEbYbLFlAbmOElRNJ,Black Ben Carson,JPEGMAFIA,2016-02-15,album
6QJ5PlGKA1bc9OE8eU00Fm,Nauseous / Devilish,"Vegyn, JPEGMAFIA",2019-09-25,album
3z16dDy9A56ouM8tN9dBfv,Beta Male Strategies,JPEGMAFIA,2019-09-10,album
5DSwXdcpUJP9dtx5kwwGve,HPNGC (FEAT. JPEGMAFIA & Code Orange),"Injury Reserve, JPEGMAFIA, Code Orange",2019-09-05,album
2MhYXB8X3Vwf55VK3MYr0E,"Jesus Forgive Me, I Am A Thot",JPEGMAFIA,2019-08-13,album
5BbPN7qjPfUSEeTvXoGwNL,Black Moses (feat. JPEGMAFIA),"Channel Tres, JPEGMAFIA",2019-07-31,album
0GFgT9k9VRzDwXHEZkaBeq,The Who,JPEGMAFIA,2019-04-03,album
0AwrWNil4QkatzMeONb6z4,Thug Tears - A COLORS SHOW,JPEGMAFIA,2018-12-14,album
2wZnO5IbNrXzlQ29RxNuce,Puff Daddy,"JPEGMAFIA, Kenny Beats",2018-11-07,album
21t003q40BY3Bsiu8GluZN,Millennium Freestyle,JPEGMAFIA,2018-08-31,album
5l22GOJfCF2LupDW1FftWP,Does This Ski Mask Make Me Look Fat?,JPEGMAFIA,2018-03-02,album
3m31Q7NZnG89zu14i6Abtd,Baby I'm Bleeding,JPEGMAFIA,2017-12-08,album
6UIj6975sGHt9XmprR8QgH,Man Purse,JPEGMAFIA,2017-05-17,album
02kCAXlRXbD7RU7IAGDBWX,I Might Vote 4 Donald Trump,JPEGMAFIA,2016-05-20,album
0FgZKfoU2Br5sHOfvZKTI9,JESUS IS KING,Kanye West,2019-10-25,album
6pwuKxMUkNg673KETsXPUV,KIDS SEE GHOSTS,"KIDS SEE GHOSTS, Kanye West, Kid Cudi",2018-06-08,album
2Ek1q2haOnxVqhvVKqMvJe,ye,Kanye West,2018-06-01,album
7gsWAHLeT0w7es6FofOXk1,The Life Of Pablo,Kanye West,2016-06-10,album
7D2NdGvBHIavgLhmcwhluK,Yeezus,Kanye West,2013-01-01,album
0A3g19AGFd9Qe3rAIkP8e0,Kanye West Presents Good Music Cruel Summer,Kanye West,2012-01-01,album
2P2Xwvh2xWXIZ1OWY9S9o5,Watch The Throne (Deluxe),"JAY-Z, Kanye West",2011-08-08,album
7mCeLbChyegbRwwKK5shJs,Watch The Throne,"JAY-Z, Kanye West",2011-08-08,album
20r762YmB5HeofjMCiPMLv,My Beautiful Dark Twisted Fantasy,Kanye West,2010-01-01,album
3WFTGIO6E3Xh4paEOBY9OU,808s & Heartbreak,Kanye West,2008-01-01,album
5fPglEDz9YEwRgbLRvhCZy,Graduation,Kanye West,2007-09-11,album
5ll74bqtkcXlKE7wwkMq4g,Late Registration,Kanye West,2005-09-30,album
3pLdWdkj83EYfDN6H2N8MR,Black Panther The Album Music From And Inspired By,"Kendrick Lamar, SZA",2018-02-09,album
4alcGHjstaALJHHiljfy3H,DAMN. COLLECTORS EDITION.,Kendrick Lamar,2017-12-08,album
4eLPsYPBmXABThSJ821sqY,DAMN.,Kendrick Lamar,2017-04-14,album
0kL3TYRsSXnu0iJvFO3rud,untitled unmastered.,Kendrick Lamar,2016-03-04,album
7ycBtnsMtyVbbwTfJwRjSP,To Pimp A Butterfly,Kendrick Lamar,2015-03-16,album
1DqhWr73Fh5yoNzKLas0G3,"good kid, m.A.A.d city (Deluxe)",Kendrick Lamar,2012-01-01,album
6PBZN8cbwkqm1ERj2BGXJ1,"good kid, m.A.A.d city",Kendrick Lamar,2012,album
1bkN9nIkkCnXeG4yitVS1J,Section.80,Kendrick Lamar,2011-07-02,album
7MoLQ8vckhwBbQqEYQTYQC,Overly Dedicated,Kendrick Lamar,2010-09-14,album
0itierEc1U3I8yIi4TtnuT,The Mantra,"Mike WiLL Made-It, Pharrell Williams, Kendrick Lamar",2018-11-14,album
3mau89iBea8nCPw3I8kKAk,All The Stars (with SZA),"Kendrick Lamar, SZA",2018-01-04,album
5bCk3kWAy2JbbTfHqzZCII,"Passion, Pain & Demon Slayin'",Kid Cudi,2016-12-16,album
6e8pwYKSF9iZjpPep1DVzx,Speedin' Bullet 2 Heaven,Kid Cudi,2015-12-04,album
7qrXPKTQeYWTp42aJqa9s6,KiD CuDi presents SATELLITE FLIGHT: The journey to Mother Moon,Kid Cudi,2014-01-01,album
262o5a05pMUDSV2uzo5EwQ,Indicud,Kid Cudi,2013-01-01,album
08eM9GRdr5BCCHNqS3Wwud,Man On The Moon II: The Legend Of Mr. Rager,Kid Cudi,2010-01-01,album
47y3PbX8oIDCkYAFylCJz0,Man On The Moon: The End Of Day,Kid Cudi,2009-01-01,album
2S8AWAM0nxyFy66YnUfIs3,Man On The Moon: The End Of Day (Deluxe),Kid Cudi,2009-01-01,album
0791s63y6DMl5cqFQSaHJL,Surfin',Kid Cudi,2016-09-30,album
38MFjDPIDJFfLF7IVpe1rv,Pursuit Of Happiness [Extended Steve Aoki Remix (Explicit)],Kid Cudi,2012-01-01,album
3EshFxIHY7JVkjPN0vwCOQ,No One Believes Me,Kid Cudi,2011-01-01,album
6FtqZFgeAT84TJDpN2qbGk,Killer Mike Chronicles,Killer Mike,2015-03-31,album
1gvkFTPF1rKpNnbfzitx5T,R.A.P. Music [Instrumentals],Killer Mike,2012-09-18,album
5EAhUoAz1G3WTvIfGZvmrh,R.A.P. Music,Killer Mike,2012-05-15,album
26BmsM9kCoN20PS3R9VFPH,BANGx3,Killer Mike,2011-11-29,album
6hWhW0rklsh8f9J0OiTls6,Underground Atlanta,Killer Mike,2009,album
1t6Ip5Meiu0qTSQJPCc6MZ,I Pledge Allegiance to the Grind II,Killer Mike,2008-07-08,album
105DKMawvJxl1imfGlmtiD,The Killer,Killer Mike,2005,album
2AXrgdmS12NMmPgOQqDWKT,ArrowThroughSkinOutOfBlueSky,"When Saints Go Machine, Killer Mike",2018-05-02,album
1Ws1iiDCf1CJX4DLkWtEAj,This Ecstatic Cult,"Lushlife, CSLSX, Killer Mike",2016-01-13,album
0HdnSbZRI3BB9Ip3nGqrLD,Reagan,Killer Mike,2012-11-06,album
0gOctzz2KkN5Laz7t6Uor0,"Big Beast (feat. Bun B, T.I., And Trouble)",Killer Mike,2012-02-13,album
6qKCgK4T7q08HnTN8yps3d,Go Out On The Town,Killer Mike,2011-05-17,album
1JZoDa67Ai5Bo3MHSdM1nx,Ready Set Go,Killer Mike,2010-12-07,album
7FZC1woch0c4qSgxnq5Pu8,I'mma Fool Wit It,"Killer Mike, Big Kuntry King",2009-07-21,album
3Iw24UBgnyNxslBqgua4UH,2 Sides feat. Shawty Lo,Killer Mike,2008-06-24,album
2oGfCpRJloI2yqie3M5zRy,2 Sides,Killer Mike,2008-05-13,album
3zGtADK8O9cFL3x6B2yvsB,Harverd Dropout,Lil Pump,2019-02-22,album
2VVvm4zJlUQm9XmBCvGN6z,Lil Pump,Lil Pump,2017-10-06,album
5VVkOFYXmjtYd6hoasaWKQ,Coronao Now,"El Alfa, Lil Pump",2019-11-07,album
4a7iURHcQKNzPAMWKudL9e,Uno (Remix),"Ambjaay, Tyga, Lil Pump",2019-10-04,album
04CEJO8B8RaffZAuBD8fIL,Stack It Up (feat. Lil Pump),"Ronny J, Lil Pump",2019-09-20,album
0jyCBzd1EswEJ3erS61cT3,Pookie (feat. Lil Pump) [Remix],"Aya Nakamura, Lil Pump",2019-08-02,album
3ohU7IZ0HmrTQd90Xqt3TH,Pose To Do (feat. French Montana and Quavo),"Lil Pump, French Montana, Quavo",2019-07-19,album
5Z5MRiHwUzbrcjtJ6JWAgc,Be Like Me,Lil Pump,2019-02-21,album
4GjXrgG0mii92jOX1S4J0S,Racks on Racks,Lil Pump,2019-01-31,album
5MYNEjdSSAHgYqWLJlWOYl,Butterfly Doors,Lil Pump,2019-01-04,album
3FtwiRgtcCLAiKHDvoj7bO,Arms Around You (feat. Maluma & Swae Lee),"XXXTENTACION, Lil Pump, Swae Lee",2018-10-25,album
68lx51m4UDlHBNaDucTN6E,Multi Millionaire (feat. Lil Uzi Vert),Lil Pump,2018-10-05,album
7Jq7aQPj4z2Rrh51nbBu4U,I Love It [(Freaky Girl) Edit],"Kanye West, Lil Pump",2018-09-30,album
185Tm1g5U7eMOrm3m9SQUh,I Love It,"Kanye West, Lil Pump",2018-09-07,album
4ApFzWwwVGg4nZAyIdUPgA,Drug Addicts,Lil Pump,2018-07-06,album
6t7otl7UEDVcTk7OBYi7x6,Welcome to the Party (feat. Zhavia Ward) [Valentino Khan Remix],"Diplo, French Montana, Lil Pump",2018-06-29,album
2onFbSBzB3f31hfCsAmw2g,"Welcome to the Party (with French Montana & Lil Pump, feat. Zhavia Ward) [from Deadpool 2]","Diplo, French Montana, Lil Pump",2018-05-15,album
5zHx5hj3bxfcN9f9VIdGaN,Songs That People Emailed Me About Asking Why I Hadn't Put Them on Streaming Platforms,Lil Ugly Mane,2019-09-11,album
6mueTLPXfvXjl61ymHHwY8,Oblivion Access,Lil Ugly Mane,2015-12-18,album
6VNXIYzXocTyZMNDLG88Gb,Mista Thug Isolation,Lil Ugly Mane,2012-02-11,album
6jTdFctvoG5GkE619VgIy4,Playaz Circle,Lil Ugly Mane,2011-02-01,album
0ka72x65Pev7XmsNBRxhf3,Uneven Compromise,Lil Ugly Mane,2017-08-22,album
5EsemjhItOZJRax0JqOWbf,On Doing an Evil Deed Blues,Lil Ugly Mane,2013-08-30,album
6esNdLCxxHM2l64C0f27u0,Send Em 2 Tha Essence,Lil Ugly Mane,2012-02-06,album
0zicd2mBV8HTzSubByj4vP,Luv Is Rage 2 (Deluxe),Lil Uzi Vert,2017-11-17,album
733e1ZfktLSwj96X5rsMeE,Luv Is Rage 2,Lil Uzi Vert,2017-08-25,album
6LX75kNicFqjjiAOeZgN67,The Perfect LUV Tape,Lil Uzi Vert,2016-08-10,album
7mgdTKTCdfnLoa1HXHvLYM,Lil Uzi Vert vs. The World,Lil Uzi Vert,2016-05-27,album
5WrbKW1nRN4vSsu70uizxX,Luv Is Rage,Lil Uzi Vert,2015-12-18,album
4uTOUYhLrGRKkfxfPKTkuy,Futsal Shuffle 2020,Lil Uzi Vert,2019-12-12,album
5UL4JeebFRM3CwLfk7ZAlh,Show U Off (feat. Lil Uzi Vert),"Lud Foe, Lil Uzi Vert",2019-04-26,album
49K82qcZN4u109e6Zw8io1,Sanguine Paradise,Lil Uzi Vert,2019-04-09,album
7jV7IRYpTLmTJe7uZXZCZh,That's a Rack,Lil Uzi Vert,2019-04-09,album
1BMfByaGjaWoSraUSfCQQh,420 in London,"Pressa, Lil Uzi Vert, Murda Beatz",2018-10-02,album
435lskCkjbKTmpmescTIpI,New Patek,Lil Uzi Vert,2018-09-21,album
7hVFsGvQ1apmp4EAldMwID,Watch (feat. Lil Uzi Vert & Kanye West),"Travis Scott, Lil Uzi Vert",2018-05-04,album
51HrCduoCfmUtzrYHf7onw,Sauce It Up,Lil Uzi Vert,2018-02-16,album
0KaQCJshy3j3TKCu59Yh6X,Smoke My Dope (with Steve Aoki & Lil Uzi Vert) (From Bright: The Album),"Steve Aoki, Lil Uzi Vert",2017-12-15,album
6x8tzop53PDl2tvjIXB9a0,The Way Life Goes (feat. Nicki Minaj & Oh Wonder) [Remix],"Lil Uzi Vert, Nicki Minaj, Oh Wonder",2017-11-03,album
50yFYgKdwJANZ5O9MIbMkg,Tha Carter V,Lil Wayne,2018-09-28,album
2EZ3h6cM5eC65qSHCghdIZ,I Am Not A Human Being II,Lil Wayne,2013-03-22,album
4rhNBjL39LW5tuZgRShtnx,I Am Not A Human Being II (Deluxe),Lil Wayne,2013-01-01,album
1uuSC0RCJB3dSp8Mb6GflZ,Tha Carter IV (Deluxe),Lil Wayne,2011-01-01,album
1MGEMBqM3v8OUM2glv7MSx,Tha Carter IV,Lil Wayne,2011-01-01,album
3seLEYrsszham3IxskYwt7,Tear Drop Tune Part 3,Lil Wayne,2010-02-28,album
5vfnsOgLqsgmEb3vGyc2FO,I Am Not A Human Being,Lil Wayne,2010-01-01,album
4qplno3lbet8WvuTGdDG3T,Nuthin' 2 Prove,Lil Yachty,2018-10-19,album
4nHOF3neSo6Y7OG5OAflkC,Lil Boat 2,Lil Yachty,2018-03-09,album
6upTR3RFKR7K20OnHRXDkL,Teenage Emotions,Lil Yachty,2017-05-26,album
1Ea4UfFW7K1UzbjkDVaPri,Summer Songs 2,Lil Yachty,2016-07-29,album
4bJqW1SBOvsfcEzZwsjdjx,Lil Boat,Lil Yachty,2016-07-05,album
5DqdH9KIcJuIzihuzQAr6X,Accomplishments,"Lil Keed, Lil Yachty, Zaytoven",2019-12-06,album
19z8fbMaBbjvUtpRlJvEqc,Once Again,"Quality Control, Lil Yachty",2019-08-09,album
1y1l71S4ZveVZQRuqcZk0u,Intro,"Quality Control, Migos, Lil Yachty",2019-08-01,album
34Rfryw69aC39DScJPubpT,Live Forever,"Stafford Brothers, Lexy Panterra, Lil Yachty",2019-07-05,album
72a9SwKVvQfcHDAzHsQnUX,"Go Krazy, Go Stupid Freestyle",Lil Yachty,2019-06-28,album
29k6Cuo1aO7ZgNHIul6AJk,Kryptonite,"2JtheRichest, Lil Yachty",2019-02-23,album
2goywQZIauQvW6BeRegnYt,No Smoke,"D Savage, Lil Yachty",2018-09-21,album
1syBGItnntl0Aty6SoKqrk,Start The Par-dee,"Chef BRD, Lil Yachty, Donny Osmond",2018-08-19,album
6BTVBZh7l6VSbeN4lyZChV,Ay3,"Ayo & Teo, Lil Yachty",2018-07-27,album
56jF03rEi6shj9lKH0Y2Wc,Who Want The Smoke?,Lil Yachty,2018-07-06,album
19ZVbCssCQaPzjMEaKU8Hi,Pretender (feat. Lil Yachty & AJR),"Steve Aoki, Lil Yachty, AJR",2018-05-18,album
7r18tvjbQnPO1nLN4mScUY,Bankrupt (Feat. Lil Yachty & Lil Baby),"Cuban Doll, Lil Yachty, Lil Baby",2018-05-11,album
2liBYuCYfW37CmNkub2BaH,DROGAS WAVE,Lupe Fiasco,2018-09-21,album
2utMSPHiSIHEg2vb9awgDi,DROGAS Light,Lupe Fiasco,2017-02-10,album
7F58zK8t8whSFjX5X09d28,Tetsuo & Youth,Lupe Fiasco,2015-01-20,album
5rCCCernTo6IwFwEZM4H53,Food & Liquor II: The Great American Rap Album Pt. 1,Lupe Fiasco,2012-09-25,album
4Um8wMKUXteqtUlFelOHrg,Lasers,Lupe Fiasco,2011-03-07,album
0MihD70HInk2rDaChdAdEy,Lupe Fiasco's The Cool,Lupe Fiasco,2007-01-01,album
05gKNAgBzLOGmTNVsGtP6p,Lupe Fiasco's Food & Liquor (5th Anniversary Edition; Deluxe Edition),Lupe Fiasco,2006-06-27,album
0TDJRkEr2SrhWTetdkEzED,Lupe Fiasco's Food & Liquor,Lupe Fiasco,2006-06-27,album
72LglewDl2LULJv40Ow7fh,Chill's Spotlight,"Lupe Fiasco, Wildstyle",2019-11-01,album
54jG9SZc5xgv4yczj4PwHq,Run Game,Lupe Fiasco,2019-06-21,album
72xAKvsW2ooWLuOT4bfQYA,Jump (Vingo Slang Club Mix),Lupe Fiasco,2017-09-01,album
2lTYr1zqAUD7gdlv0Q9FP5,Coulda Been,Lupe Fiasco,2017-05-12,album
6JbEiqwFFphg3lFpVknOOW,Pu$$y (feat. Billy Blue),Lupe Fiasco,2014-10-21,album
5sY6UIQ32GqwMLAfSNEaXb,Circles,Mac Miller,2020-01-17,album
5wtE5aLX5r7jOosmPhJhhk,Swimming,Mac Miller,2018-08-03,album
6f6tko6NWoH00cyFOl4VYQ,The Divine Feminine,Mac Miller,2016-09-16,album
13fsGE9UN5VaAkETSs94un,Best Day Ever (5th Anniversary Remastered Edition),Mac Miller,2016-06-03,album
2Tyx5dLhHYkx6zeAdVaTzN,GO:OD AM,Mac Miller,2015-09-18,album
0oPKygNJATeXkPWre0R0Nr,Live From Space,Mac Miller,2013-12-17,album
3T02fCxAjApu18taJLLbyN,Watching Movies with the Sound Off (Deluxe Edition),Mac Miller,2013-06-18,album
3ZNMAkjR6M4T0r6Of6jC08,Watching Movies with the Sound Off,Mac Miller,2013-06-18,album
7nVdkG4gZZxB1I1RLN27fJ,Macadelic (Remastered Edition),Mac Miller,2012-03-23,album
34Vqb2m74NU6Pb682ymHic,Blue Slide Park (Commentary Version),Mac Miller,2011-11-15,album
6VhDYmsjHqRxKXd0z7hmXI,Blue Slide Park,Mac Miller,2011-11-15,album
16Wn60d87WBlf0Tu8Sqnck,Blue Slide Park (Edited Version),Mac Miller,2011-11-15,album
4CCaoRnCugI6RsHHBKiMLs,Good News,Mac Miller,2020-01-09,album
1a7behQFUiQ9iHjSJxiZXE,That's Life (feat. Mac Miller & Sia),"88-Keys, Mac Miller, Sia",2019-06-20,album
5SEQL40XcXX1FUHtiqa8PG,Time,"Free Nationals, Mac Miller, Kali Uchis",2019-06-12,album
0ppUC3Jf1kIDvOZsxCYpEe,What's the Use?,Mac Miller,2018-07-23,album
3giQKi73ayOnj7jxGevJwg,Madvillainy 2: The Madlib Remix,Madvillain,2008-09-30,album
39qfFzn2Cii6N0AdAXdg9p,Four Tet Remixes,Madvillain,2005,album
01FCoGEQ3NFWF4fHJzdiax,Madvillainy,Madvillain,2004-03-24,album
6UYZEYjpN1DYRW0kqFy9ZE,Championships,Meek Mill,2018-11-30,album
2OWLbSd0bRFLw2M0KlgrgJ,Wins & Losses (Deluxe Edition),Meek Mill,2017-08-04,album
2SCQAZZ5pc90l9SPBsWCIQ,Wins & Losses,Meek Mill,2017-07-21,album
6sNbRwX0lZREkdmUSDsVzo,DC4,Meek Mill,2016-10-28,album
31ZNLGjARu4skCvhGc1bfA,First Come First Serve,Meek Mill,2015-09-02,album
2O3OKOYCub892PUGprsaQo,Dreams Worth More Than Money,Meek Mill,2015-06-29,album
3CjBOwf3HzW7fWxUGCU8NQ,Unreleased Killadelphia Muzik,Meek Mill,2014-10-27,album
5k21b6J72f19J3NmPXgPUu,Dreamchasers 3,Meek Mill,2013-09-29,album
0Ckf7JkYnpD084soz5mftm,Dreams and Nightmares,Meek Mill,2012-10-29,album
0zhZDmHEtDtok393SbZ3d7,Dreams and Nightmares (Deluxe Version),Meek Mill,2012-10-26,album
0kpslw9IHk7EsK40BGUbX9,Dreamchasers 2,Meek Mill,2012-05-07,album
40SFz21xgwvkJn2Ea1z5iH,Dreamchasers,Meek Mill,2011-08-11,album
6OGBP8kekV91cG9sghPEVw,1000 Nights (feat. Meek Mill & A Boogie wit da Hoodie),"Ed Sheeran, Meek Mill, A Boogie Wit da Hoodie",2019-07-11,album
2U61CkW0IDVS5PzTB0F7WW,You Stay (feat. Lil Baby & Jeremih),"DJ Khaled, Meek Mill, J Balvin",2019-05-10,album
6bPpXqJRpjwy0hLyUGtzYc,FATHER OF 4,Offset,2019-02-22,album
6LwvnvN9OL3N293zlfS38h,Big Rocks (Offset feat. Young Thug),Offset,2019-08-14,album
6GZ1LDBZX4XN0POESyg12X,Soakin Wet,"Quality Control, Marlo, Offset",2019-05-09,album
2FtofA3fexIC11zeV303hk,Power Moves,"Offset, Lost God",2019-04-19,album
3lxvJqSvGR9o3Z402FnY0Z,Red Room,Offset,2019-02-14,album
4FAW4D50oWaQ3EoRcsJduh,Hurts Like Hell (feat. Offset),"Madison Beer, Offset",2018-11-09,album
79ynrc0ZHp86yBPTEX5D7t,Lamborghini,"Sina Rambo, Offset, DaVido",2018-08-27,album
2HVFUcAXhoJRncNz51brSE,Wait (Featuring Offset & Vory),"Chantel Jeffries, Offset, Vory",2018-05-04,album
5pmKkvSBmN3bHB34j0FqHL,Cash Pronto,"Jose Guapo, Offset",2018-04-16,album
4p7eRi1P1WWBpvk85gk8gE,The Others (Offset Club Remix),"RIKA, Offset",2018-03-02,album
3ZwmW6RFyLF2dey4U87js2,Alive (with Offset & 2 Chainz),"Lil Jon, Offset, 2 Chainz",2018-01-26,album
4aIRKslruEDdqqXgP2JaLh,Night Drive,Offset,2018-01-22,album
77SNIVTBi10hWyJMQuOiQL,E(h)at(e) Natural,Offset,2015-05-18,album
1ffAV4iWGRi0wxAR3FVqyw,NEHRUVIANDOOM (REDUX),"MF DOOM, Bishop Nehru",2019-10-11,album
6AviMNhTggWeJJ0sFCsc5g,BORN LIKE THIS (10TH ANNIVERSARY EDITION),MF DOOM,2019-03-27,album
2PPvDD3t985MvMphfSwzgr,Czarface Meets Metal Face,"CZARFACE, MF DOOM",2018-03-30,album
0baxtwETSL9uVjKBb6e4qw,Czarface Meets Metal Face (Instrumentals),"CZARFACE, MF DOOM",2018-03-29,album
4UG3kz6qoHtNI1glQ2wdon,Operation: Doomsday (Complete),MF DOOM,2011-04-26,album
6HSnVwIMF1WIat7Zo5nlEk,Expektoration... Live,MF DOOM,2010-09-13,album
0fsANicB5hZ4rh3ob47PBv,Gazzillion Ear,MF DOOM,2010-02-01,album
5i7JM6qlMK5x2gY6Tkv56h,BORN LIKE THIS,MF DOOM,2009-03-23,album
3ywl9PSiAb3RJrcs9DtncG,"Metal Fingers Presents: Special Herbs, The Box Set Vol. 0 - 9",MF DOOM,2006-01-24,album
63fFCsXmRWP5Spr06X83Tb,Special Herbs + Spices Volume One,"MF DOOM, MF Grimm",2005-05-10,album
6FRYVbBLeBOHWhaRm11ZUg,"Metal Fingers Presents: Special Herbs, Vol. 7 and 8",MF DOOM,2004,album
7IvmRtuLsTlRZhRS6KUQRn,MM...FOOD,MF DOOM,2004,album
1DcGy9z5Bz7ZDS7dMhdtkY,"Metal Fingers Presents: Special Herbs, Vol. 1 & 2",MF DOOM,2004,album
3TDUs1ZtrcccyI9SlxuEP5,Metal Fingers Presents: Special Herbs Vol. 3 & 4,MF DOOM,2003-09-30,album
7c50ybiNwXRhi0nEXF1Chs,Best of Mf,"MF DOOM, MF Grimm",2003-09-02,album
4fCYX6DvDzG5w1RKC14smH,Disastrous (Edit),"MF DOOM, Bishop Nehru",2019-12-13,album
2mj2gYEeSv6X4IUjpHgH3A,Om (Edit),"MF DOOM, Bishop Nehru",2019-11-29,album
4ezBRagdFJB8UXnmDWdFBv,Coco Mango Diced,"Damu The Fudgemunk, MF DOOM",2019-04-12,album
5JlHbYtRII1oOmsNLnOy9z,MUGGS X DOOM,"DJ Muggs, MF DOOM",2018-06-29,album
4TskU0C5fXsbpCL69e3AXP,Man's Worst Enemy,"CZARFACE, MF DOOM",2018-06-01,album
4SnWrk06dIt4ynFRLpNX6e,The Circus,Mick Jenkins,2020-01-10,album
2oenkFNS8GLDubNAn2gxQH,Pieces of a Man,Mick Jenkins,2018-10-26,album
1355FmCtrXQa0VeMd3eMzT,The Healing Component,Mick Jenkins,2016-09-23,album
302R4KlFy873Aq7YJNPHWr,Wave[s],Mick Jenkins,2015-08-21,album
5170B9wvcKvzWRWmTp5lCV,The Water (S),Mick Jenkins,2014-08-12,album
0buv8l9Y9nk9X47Hb5jooA,Carefree,Mick Jenkins,2020-01-03,album
3P3zERBHtVIthVbvQMBQg7,Halo,"Haleek Maul, Mick Jenkins",2019-11-13,album
1aRgLOcfmeJUfh4KHABdwd,Lemonade,"Da-P, Mick Jenkins",2019-11-06,album
06etD8yIH9S4lgLdxuG1cv,10 Gallons,"Zac Flewids, Mick Jenkins",2019-08-02,album
2wihnCSWxxB03713TI7qFz,F.Y.I,"Alex Wiley, Mick Jenkins",2019-06-21,album
60WwySNVrRhaHwssWIVxx5,Changing (feat. Mick Jenkins),"ARLO, Mick Jenkins",2019-02-22,album
6fSjKII6YNGARTrhqG7lMT,Steps,"Zac Flewids, Mick Jenkins",2019-01-25,album
7adqaqJJpBXtThVTgmdCwN,Nobody Knows,"Stephen Smith, Mick Jenkins",2019-01-18,album
6tdAxBZCzVWBl89QpjPtKb,Trust Nobody,"LUCKI, Mick Jenkins, Lofsky",2018-12-21,album
0GihlQ4tissBMpBx5oqsvw,Rigatoni,"Ursa the Chef, Mick Jenkins",2018-10-28,album
5CfLH209EOkYeUVsGDnfYG,Barcelona,Mick Jenkins,2018-10-22,album
4bV0tQ5HlPD6vy1hNSBEgg,Padded Locks (feat. Ghostface Killah),Mick Jenkins,2018-10-22,album
2rq911yHac9zRBEK4eRdrk,Understood,Mick Jenkins,2018-10-12,album
58OBbFNDDEETqAW87mXtPE,What Am I To Do,Mick Jenkins,2018-08-27,album
7fd7SEK25VS3gJAUgSwL6y,Culture II,Migos,2018-01-26,album
2AvupjUeMnSffKEV05x222,Culture,Migos,2017-01-27,album
7Hd1Gqx8xFRAnQOLHAZxn3,YRN 2 (Young Rich Niggas 2),Migos,2016-10-14,album
7qLM7egb40QyDHa3CknQqs,Rich Shooters,Migos,2015-11-01,album
4R8gIy454OjbyRspuPu5A7,Currency,Migos,2015-09-02,album
0sv4nM5FtA8Y3DrvG4CXH8,Yung Rich Nation,Migos,2015-07-31,album
6r9ryZTveNqFVOmoN0LEum,The Green Album,"Gucci Mane, Migos",2015-06-09,album
0ty5iwaiepWlGq8g0DKtEy,Rich Ni**a Timeline,Migos,2014-11-05,album
56PJDByaunMWwCqs5rV3Nc,No Label II,Migos,2014-06-03,album
7J6fSYFHb5Kgouc4Nr8SZg,No Label,Migos,2013-07-30,album
70HXQp5RAjM37JHBuvL8Dg,Juug Season,Migos,2013-07-30,album
4YmTZjHk8SmTFTiVMXBN1A,Young Rich N*ggas,Migos,2013-07-09,album
62mgJrEMRESRSdtjEM2AN4,Frosted Flakes,"Quality Control, Migos",2019-08-15,album
74jYy3DtyTfSVyxQUcsTFF,Blood Money,Mobb Deep,2006-05-02,album
7j358KRnAMmabpFQoymvCp,Amerikaz Nightmare,Mobb Deep,2004-08-10,album
6UDhYUew9ULQVtt4HWNRSL,Free Agents,Mobb Deep,2003,album
2hSnMHuLYfpp8hvdpZRjAk,Infamy,Mobb Deep,2001-12-11,album
5o6X1oSGpIcD8czW7X3GPG,Infamy (Clean Version),Mobb Deep,2001-12-11,album
25NNQGZBd9oLAO1xTeq5oQ,Murda Muzik,Mobb Deep,1999-04-27,album
6BWf3fxsgSDhES4Cm4oyy5,Hell On Earth (Explicit),Mobb Deep,1996-11-19,album
1cCAb1vN8uUsdfEylVmTLs,The Infamous,Mobb Deep,1995-04-25,album
2Y8JEb0HiAioGra55OwKhE,Juvenile Hell,Mobb Deep,1993-01-01,album
7073KiIeaFqn3emBxNYKon,Boom Goes The Cannon...,Mobb Deep,2018-06-18,album
0UUFiUtmifyZ3mgCdNE1Iz,Corey Kesselman,"D. LYNCH, Mobb Deep",2016-11-17,album
543sS0IDFp5V0h4VhEYgSC,Put 'Em In Their Place,Mobb Deep,2006-01-01,album
3DvxYvbg85SwzNEMjNFq4p,Thoro,Mobb Deep,2005-10-14,album
4Rg0nvUI2jt96TNHtpmmpv,TRUE MAGIC,Mos Def,2006-12-29,album
6W05fmxrjjEy6BflrPbzej,The New Danger,Mos Def,2004-10-19,album
1fB3SvkZpfDjSqyLcRT75V,Mos Def - Live at Benaroya Hall,Mos Def,2004-01-01,album
5gK2l2LgWY0BA4p9uy27z6,Black On Both Sides,Mos Def,1999-10-12,album
2j3accjCRcCHVe2u9sP2wK,Sensei On the Block,"Mos Def, Ski Beatz",2015-08-28,album
2I1AgBH1G6iXNRztKHRI4N,Monster Music featuring Cassidy,Mos Def,2005-01-01,album
7MBiJL8Pd9NdGT1LqOwI2A,"Sex, Love & Money",Mos Def,2004-01-01,album
3OSID3YChn6nOjfUAlSXQZ,Efil4zaggin,N.W.A.,1991-05-28,album
0Y7qkJVZ06tS2GUCDptzyW,Straight Outta Compton,N.W.A.,1988-08-08,album
2Y4B6Trqus0soAH3Gs8mPj,100 Miles And Runnin',N.W.A.,1990-08-14,album
2AdzxDWUs5YWbEJiZnMIOK,Express Yourself,N.W.A.,1989-03-27,album
4tRNl7PwUzXrxTP3YZjWgS,The Lost Tapes 2,Nas,2019-07-19,album
66EwBbt2kPgugo8Wz0SKAw,NASIR,Nas,2018-06-15,album
1Xd9sCWxvNx02wCTZbKoek,Illmatic: Live from the Kennedy Center with the National Symphony Orchestra,Nas,2018-04-20,album
6WHX1SpLq3D5fDtsK78w8r,Life Is Good,Nas,2012-07-17,album
39FNg2ShzXn1VFUiqY6IWe,Life Is Good (Deluxe),Nas,2012-07-17,album
0ddTtajzPmxZ7UVW2VEAln,Life Is Good (Explicit Version),Nas,2012-01-01,album
55Abnzdg1IREQmVWo7cwTc,Life Is Good (Edited Version),Nas,2012-01-01,album
6Cj4gSdavyZCIhmeoCcrI6,Distant Relatives,"Damian Marley, Nas",2010-05-18,album
41LyFl0XPrCqYeNml7obol,Nas,Nas,2008-01-01,album
5dMmFu9NCxSjDk3ekggogc,Untitled,Nas,2008-01-01,album
7sHrPadM39466NY7DW3s4r,Hip Hop Is Dead (Expanded Edition),Nas,2007-01-23,album
3NoAhTU75FB99lyEEJqDns,Hip Hop Is Dead (Deluxe Edition),Nas,2006-12-19,album
5sGyPalpUY2tzwsSdq0EMg,Hip Hop Is Dead (Bonus Tracks),Nas,2006-12-19,album
0jghcWTsQzux5T9sAfZO13,Street's Disciple,Nas,2004-11-30,album
3mpA4v2tvEM5aAYtNGnbzD,Room 25,Noname,2018-09-14,album
18Scpsg5OV1iYNtSaCsjwz,Telefone,Noname,2016-08-12,album
7eVx4XXwY3KrIPGRrW66UI,Song 32,Noname,2019-04-05,album
7scUVtp3DvSf9gHfE7cfUB,Song 31,Noname,2019-01-02,album
4aVmXXesG7ZgG87VvCJgO3,I Love You More,Noname,2015,album
4oT4YRVe43ESrT9rx2LKCM,Luv(sic) Hexalogy,Nujabes,2015-12-09,album
724juUMeWRW82bDoyH91Vd,Spiritual State,Nujabes,2011-12-03,album
6nVACH6a27eOWiumAJhDWS,Modal Soul,Nujabes,2005-11-11,album
5FrjDW96mCYw9ECc74c637,Metaphorical Music,Nujabes,2003-08-21,album
3L6JBfRxhzGzhhRDlTEdBz,Idlewild,OutKast,2006-08-22,album
1UsmQ3bpJTyK6ygoOOjG1r,Speakerboxxx/The Love Below,OutKast,2003,album
2tm3Ht61kqqRZtIYsBjxEj,Stankonia,OutKast,2000-10-31,album
5ceB3rxgXqIRpsOvVzTG28,Aquemini,OutKast,1998-09-29,album
1IaBCF26OjgYwUCEPaIyC0,ATLiens,OutKast,1996-08-27,album
3l5AwLKqQ42VJbc5lTuP8G,Southernplayalisticadillacmuzik,OutKast,1994-04-26,album
48fJMsCHv0lplvN5Zanl1l,"Mighty ""O""",OutKast,2006-06-05,album
7etFl9qeqjD0luC40JAg8l,The Way You Move / Hey Ya!,OutKast,2003,album
7dAm8ShwJLFm9SaJ6Yc58O,Die Lit,Playboi Carti,2018-05-11,album
4rJgzzfFHAVFhCSt2P4I3j,Playboi Carti,Playboi Carti,2017-04-14,album
0to6F8xxZGgeFNMq7TEMpi,Paid In Full,"SAFE, Playboi Carti",2019-04-05,album
6RAcrLO3YsRyMQUXFCXLi2,Crumbs,"DRAM, Playboi Carti",2017-11-17,album
0qgq2i1rf5vl3cQqfQSq2z,Broke Boi,Playboi Carti,2017-03-03,album
4g1ZRSobMefqF6nelkgibi,Hollywood's Bleeding,Post Malone,2019-09-06,album
6trNtQUgC8cgbWcqoMYkOR,beerbongs & bentleys,Post Malone,2018-04-27,album
5s0rmjP8XOPhP6HhqOhuyC,Stoney (Deluxe),Post Malone,2016-12-09,album
1Id3Zj9GMvi7dPj3u6cMNs,Wow. (Remix),"Post Malone, Roddy Ricch, Tyga",2019-03-15,album
5oL7DNAeNb3CzJ4AujYFlO,Wow. (Instrumental),Post Malone,2019-03-14,album
7zoRgdMDAV1J7N4tfmnwtF,rockstar (Remix),"Post Malone, Nicky Jam, Ozuna",2017-12-08,album
3oeiU8nG5eDm5YPpDvK6eS,Congratulations (Remix),"Post Malone, Quavo, Future",2017-06-16,album
07bIdDDe3I3hhWpxU6tuBp,DAYTONA,Pusha T,2018-05-25,album
4OoNqHBpbgDoqtN3u1IdiC,King Push – Darkest Before Dawn: The Prelude,Pusha T,2015-12-18,album
7e51fH5KpL87BCIVO068fh,Spotify Sessions,Pusha T,2014-06-10,album
0LgwP5HQ7psvJAY2KSGPMH,My Name Is My Name,Pusha T,2014-01-01,album
0tS7jye0zKwGF0H4rqFGvz,Fear Of God II: Let Us Pray,Pusha T,2011-11-08,album
045PA2kXlh776mWzZNqt5L,Puppets (Succession Remix),"Pusha T, Nicholas Britell",2019-10-11,album
2qtMrGLdjgNbVJ1xKDiqAf,Coming Home,"Pusha T, Ms. Lauryn Hill",2019-08-28,album
3v452sweoHYSYqZ3oVOM7c,Sociopath,Pusha T,2019-08-26,album
59oepjJR54xdxB4usb0Beu,Miami (feat. Pusha T),"Valee, Pusha T",2018-02-16,album
76ZSBJxlemKC2OM7qSHW4r,H.G.T.V. Freestyle,Pusha T,2016-10-14,album
4vLYreWxd2ptOAzPwTyBI3,SR3MM,"Rae Sremmurd, Swae Lee, Slim Jxmmi",2018-05-04,album
5v6iBhIlflzR9rEd1LAMbd,SremmLife 2 (Deluxe),Rae Sremmurd,2016-08-12,album
6eDx949ONWDCN0O22wFZf7,SremmLife,Rae Sremmurd,2015-01-06,album
6Qx4jA6F8xTrAypkeaVUSk,Christmas At Swae’s,"Swae Lee, Rae Sremmurd, Ear Drummers",2018-12-21,album
1zshwTFvBA3ctGTBTZ5r77,Nothing For Christmas,"Slim Jxmmi, Rae Sremmurd, Ear Drummers",2018-12-21,album
1EM0ALQzFRdZLcqOXgKtIU,Hands On Me,"BURNS, Maluma, Rae Sremmurd",2018-04-20,album
0D6QY2HNsCIFcL636qePwj,Aries (YuGo) Part 2 (with Rae Sremmurd & Big Sean feat. Quavo & Pharrell),"Mike WiLL Made-It, Rae Sremmurd, Big Sean",2018-03-29,album
6TSvhHOQtdGzhM0w6LUQSl,Black Beatles (Madsonik Remix),Rae Sremmurd,2017-02-24,album
6bqp9aUT7C4EHNqTLrdaJS,Look Alive (Remix),Rae Sremmurd,2016-07-30,album
3Bqdl3FndFhH6iw6kzwUcr,We - Single,Rae Sremmurd,2014-02-26,album
1raZYpawfPtW5YJC5NsTQ1,No Flex Zone (Remix),Rae Sremmurd,2014-01-01,album
4kQCM7kzTEivQGquNEzkTl,The Wild,Raekwon,2017-03-24,album
1DjD44E7NIEiRrhuQbbv01,Fly International Luxurious Art,Raekwon,2015-04-28,album
1lCxVzi6tCtuVlUDrPwSmO,The Tonite Show,Raekwon,2013-03-05,album
7y9thaBm7wBPzsvcAWyWbH,Shaolin Vs. Wu-tang,Raekwon,2011-01-01,album
0EBuHcZx8qwDxB5FqVkc5p,Shaolin Vs. Wu-Tang,Raekwon,2011-01-01,album
09CMsxWaO8Hald9q5NHkWb,The Babygrande Recordings,Raekwon,2009-09-01,album
5QpSt1QtT7MaCKZNQE82fv,Only Built 4 Cuban Linx 2,Raekwon,2009-01-01,album
1WJST5QsA23XFgOVYGLlTt,"The Vatican Mixtape, Vol. 3",Raekwon,2007-09-25,album
6ZCuEXxjVc3TgQUdZJVHBs,"The Vatican Mixtape, Vol. 1",Raekwon,2007-02-27,album
4i7N6dwHDmHtrJsWAjRYMc,Heroin Only,Raekwon,2006-11-10,album
1kMki3taQHmpptDNDDVSq4,The Lex Diamond Story,Raekwon,2003-01-01,album
41gZK0HtvO5zaOwJlT2Sed,Immobilarity,Raekwon,1999-11-16,album
65m3WKDdyzq4P0aHxnhdTg,Mad Max,"Almighty Slime, Rich Gang",2020-01-20,album
6XFQ3XY1IKWuzzmaJips0M,Sorry 4 Tha Wait,"Almighty Slime, Rich Gang",2019-12-19,album
1JgT6mYzPEFvsbZWjqmgCJ,Slatt University,"Almighty Slime, Rich Gang",2019-11-02,album
7Dg45in5QAfGluUc1x874g,Slimewop 3,"Rich Gang, Almighty Slime",2019-08-22,album
5R9wir5X8dVr7B6NC9dXD8,!,"Rich Gang, Almighty Slime",2019-07-26,album
2VKPqV9eORha9ke4vOL9WI,Rokkstar Status,"Almighty Slime, Rich Gang",2019-06-19,album
5fNDsY6brqufpsJwH9hx9L,SlimeWop 2,"Almighty Slime, Rich Gang",2019-06-12,album
6tjdS0dSOwlOmaiz0q68Ov,SlimeWop,"Almighty Slime, Rich Gang",2019-05-17,album
2PYJg7uykLolWPJhqqDe9o,Rich $lime,"Almighty Slime, Rich Gang",2019-05-02,album
2uhiqri87eC7Xe0tg9p7fB,Rich Gang (Deluxe Version),Rich Gang,2013-01-01,album
4vKcewiCloFlttCdZKHcPb,Rich Gang,Rich Gang,2013-01-01,album
0IU5Zmlx4Nx3tjfhSMf3wa,Preto no Corre,"Thug Life, Rich Gang, Rocko",2020-01-09,album
2yawLI0eM9BsKzaC0Keye3,Now,"Dibyo, Rich Gang",2019-12-16,album
2P9Y8u0ZDHbrgt66KK0pCA,Shotta Flow 4,"Almighty Slime, Rich Gang",2019-07-20,album
3v2GjFB9V5kHgrOCXn3sI9,Run the Jewels 3,Run The Jewels,2016-12-25,album
2jsjxv51sLt4wDnAixPMIM,Meow The Jewels,Run The Jewels,2015-09-25,album
2wwA3sIVfwCSQReRnVOvzL,Run The Jewels 2,Run The Jewels,2014-10-27,album
2ZyrfJY5s31jPFFxKrgKK1,Run the Jewels Instrumentals,"Run The Jewels, El-P",2014-04-25,album
5okrDWqn2b0dX1VBpaZRxQ,Run The Jewels (Deluxe European Edition),Run The Jewels,2014-01-13,album
7BUlAwJBzKyllRuDTKV8Ae,Run the Jewels,Run The Jewels,2013-06-26,album
4mPoFkacMPrrMns3ClYGCz,Let's Go (The Royal We),Run The Jewels,2018-10-13,album
2tf2yofFE86UGiV73QilAS,Stay Gold Remix,"Run The Jewels, Smiff & Cash",2018-05-31,album
4dhlqFt3GmTjVNAaVoLidl,Run the Jewels (Baby Driver Dialogue Version),Run The Jewels,2018-04-13,album
05gw8uhHTvMyeBDcQX49GS,Mean Demeanor,Run The Jewels,2017-09-29,album
3mrqwsL65gMvSySI8GxRhI,Down (Z Dot UK Remix),"Run The Jewels, Z Dot",2017-06-23,album
0gc4LRHfvxGCljMVwgNZnC,Panther Like a Panther (Original Demo Version),Run The Jewels,2017-06-02,album
24OukO41ZcjNVzpVzc6bvH,Legend Has It,Run The Jewels,2016-12-02,album
3GCeKN7n4hV9ET7lQVUqRH,2100 (feat. BOOTS),Run The Jewels,2016-11-11,album
3XFrvUGyUPvWf8m1RxEts9,Talk to Me,Run The Jewels,2016-11-04,album
3UTp6spxkyTdvsmJDPfb7n,CrasH Talk,ScHoolboy Q,2019-04-26,album
0YbpATCIng8Fz2JrfHmEf7,Blank Face LP,ScHoolboy Q,2016-07-08,album
7Et3bSTLLqdABO1qCxUplS,Oxymoron (Deluxe),ScHoolboy Q,2014-01-01,album
3WrybrSHu1vSZaQegAZTyn,Oxymoron,ScHoolboy Q,2014-01-01,album
6Xz8eKy8TeAyzwGr8QSOAS,Habits & Contradictions,ScHoolboy Q,2012-01-14,album
5QGtxFOTTr0Z4TyUQNVOKO,Setbacks,ScHoolboy Q,2011-01-11,album
0ZqH82yyXnVWqYA58RVhYP,"Kill 'Em With Success (with ScHoolboy Q, 2 Chainz & Mike WiLL Made-It)","Eearz, ScHoolboy Q, 2 Chainz",2018-11-02,album
0VZWhdLRtDPan52RfTHkp9,THat Part (Black Hippy Remix),ScHoolboy Q,2016-07-16,album
3KUQdmOHhInA6owBD1eyX8,Groovy Tony,ScHoolboy Q,2016-04-05,album
121CP33GTXOt5DRTu1N7ii,Yay Yay,ScHoolboy Q,2013-01-01,album
1C1mvUxPYGzTqVpXu6vOLf,Hands On The Wheel,ScHoolboy Q,2012-01-01,album
3VwKMo3Ql4LBheVsnJgAnK,Druggys WitH Hoes Again (feat. Ab-Soul) - Single,ScHoolboy Q,2011-10-11,album
0a8d4BfLP3XEiuZZTWxxEQ,I Wanna Thank Me,Snoop Dogg,2019-08-16,album
4zeITicw3oKpOV5EMQIUQH,Snoop Dogg Presents Bible of Love,Snoop Dogg,2018-03-16,album
7JH7jIpL9JwnBEpYAtyi2f,220,Snoop Dogg,2018-02-20,album
6MRg8FgwKDNmNO0D9neSmo,Make America Crip Again,Snoop Dogg,2017-10-27,album
4HGpekiabmZyat5xw23uZB,Neva Left,Snoop Dogg,2017-05-19,album
0TDrWBqGYPnJEd3DZpNnIx,COOLAID,Snoop Dogg,2016-07-01,album
5Rd4xjjrhHvLVSFDAMi1nr,COOLAID (Clean Edited Version),Snoop Dogg,2016-07-01,album
3uymcMheLvldkL7e7EUXz3,Cuzznz,"Daz Dillinger, Snoop Dogg",2016-01-15,album
3UesepjW7Scwi8DV62Qqyn,BUSH,Snoop Dogg,2015-05-06,album
6YxjD9sRNGNOGGXuFzI5pF,7 Days Instrumentals,"7 Days Of Funk, Dâm-Funk, Snoop Dogg",2014-03-04,album
53a8bJTrR57zOjTlOOm1Hl,7 Days of Funk,"7 Days Of Funk, Dâm-Funk, Snoop Dogg",2013-12-10,album
12pnVAswzLE6hArSl0bF0h,Mac and Devin Go To High School (Music From and Inspired By The Movie),"Snoop Dogg, Wiz Khalifa",2011-12-12,album
4x53rdOiC4Zkb3bbqw9FyM,Doggumentary,Snoop Dogg,2011-01-01,album
76290XdXVF9rPzGdNRWdCh,Ctrl,SZA,2017-06-09,album
2qCyMMQ785sPH4Yx25GQZ8,Z,SZA,2014-04-08,album
0QI0w2DStkPNSBnZd5ZgD7,Just Us,"DJ Khaled, SZA",2019-05-10,album
5enEsi887wD3qGoMCK4jLr,The Weekend (Funk Wav Remix),"SZA, Calvin Harris",2017-12-15,album
06dngKXkh91TrnpHcNelJS,Broken Clocks,SZA,2017-06-02,album
41HZOC3jBstsK2ujTn7Kgm,Drew Barrymore,SZA,2017-01-13,album
5MDmKDe9kmJBsf8yYn8dUM,Born 2 Rap,The Game,2019-11-29,album
0oYPYkxc18YCwJR7OKnPdC,1992,The Game,2016-10-14,album
51pWPRmyRyrh4GDwUjWmkM,1992 (Bonus Track Edition) [Clean],The Game,2016-10-14,album
65f7xk2mAPmUeY3MifzWnp,Block Wars,The Game,2016-07-29,album
3FNH8aPUttj3rlDRsguJwx,Streets Of Compton,The Game,2016-06-17,album
0emTtJfR6Kxd6XnX6Cv3ZZ,The Documentary 2 + 2.5 (Collector's Edition),The Game,2016-01-22,album
4bgRhU3yyBJxuYz61FKsNa,The Documentary 2.5,The Game,2015-10-16,album
37PDUywhZDqvf1Z7pOl1Ih,The Documentary 2,The Game,2015-10-09,album
3Ezv8bXs9vS908aaKdWrQ3,The King & I,"Faith Evans, The Notorious B.I.G.",2017-05-19,album
0nyTuDV4qohpivHna2kKF8,Duets: The Final Chapter,The Notorious B.I.G.,2005-12-13,album
7zg9ZSOQtYLjWnvSawflg6,Born Again,The Notorious B.I.G.,1999,album
7dRdaGSxgcBdJnrOviQRuB,Life After Death (2014 Remastered Edition),The Notorious B.I.G.,1997-03-04,album
6uMVAiciTpTyrQn5QJDPJM,Life After Death (2014 Remaster),The Notorious B.I.G.,1997-03-04,album
2HTbQ0RHwukKVXAlTmCZP2,Ready to Die (The Remaster),The Notorious B.I.G.,1994-09-13,album
2ymwUMeW3BySLhKNp8UQZ3,Ready to Die (The Remaster; 2015 Remaster),The Notorious B.I.G.,1994-09-13,album
3PK9NEwsFsE1YIzq9XFWiN,Party On The West Coast (feat. Snoop Dogg),"Matoma, Faith Evans, The Notorious B.I.G.",2017-05-21,album
4v55njNe2owBsm6VuEiTLe,Old Thing Back (feat. Ja Rule and Ralph Tresvant),"Matoma, The Notorious B.I.G.",2015-02-17,album
3mk8FCB1EOT3IRrers5Zyo,Spit Your Game,The Notorious B.I.G.,1997-11-25,album
6k2BYTZOdRsflWuXFwyvRY,Hypnotize,The Notorious B.I.G.,1997-04-01,album
7a5kavkE59JLa6LRTq9ait,Mo Money Mo Problems (feat. Puff Daddy & Mase),The Notorious B.I.G.,1997,album
53eZ4hJLZaxoM81SEkS2jv,Big Poppa,The Notorious B.I.G.,1995-02-20,album
6bj9JFEnqeqLoIwAQoZfXY,One More Chance,The Notorious B.I.G.,1995,album
4063yQmtpSwsXJtC6Sc7tn,Juicy / Unbelievable,The Notorious B.I.G.,1994-09-13,album
0bJNwuf7qzIlvSLZXSaMRN,Who Shot Ya? / Warning,The Notorious B.I.G.,1994,album
4qZBW3f2Q8y0k1A84d4iAO,"My Dear Melancholy,",The Weeknd,2018-03-30,album
2ODvWsOgouMbaA5xf0RkJe,Starboy,The Weeknd,2016-11-25,album
0P3oVJBFOv3TDXlYRhGL7s,Beauty Behind The Madness,The Weeknd,2015-08-28,album
522VpsDblCDf3rMSnDU4tZ,Kiss Land,The Weeknd,2013-09-09,album
4NQNWfXDGo6MPCscpwuTgz,Trilogy,The Weeknd,2013-01-01,album
2ZfHkwHuoAZrlz7RMj0PDz,Blinding Lights,The Weeknd,2019-11-29,album
7vRcickwa6GCfY1qKKe4lK,Heartless,The Weeknd,2019-11-27,album
6B3VYsWUR2xf7HptOO2fpr,Reminder (Remix),The Weeknd,2017-08-01,album
0NSognr1k6PH6SZZ6uv44G,Lust for Life (with The Weeknd),"Lana Del Rey, The Weeknd",2017-04-19,album
4rGQxBDZ4hHCKePXaYOTSB,Starboy (Kygo Remix),The Weeknd,2016-11-11,album
1Sf8GsXG32t0jNrX11xqWx,JACKBOYS,"JACKBOYS, Travis Scott",2019-12-27,album
41GuZcammIkupMPKH2OJ6I,ASTROWORLD,Travis Scott,2018-08-03,album
6FED8aeieEnUWwQqAO9zT1,"Huncho Jack, Jack Huncho","Huncho Jack, Travis Scott, Quavo",2017-12-21,album
42WVQWuf1teDysXiOupIZt,Birds In The Trap Sing McKnight,Travis Scott,2016-09-16,album
4PWBTB6NYSKQwfo79I3prg,Rodeo (Expanded Edition),Travis Scott,2015-09-04,album
7hXWMVDn9SVV7zNYiQGvWO,Hot (Remix) [feat. Gunna and Travis Scott],"Young Thug, Gunna, Travis Scott",2019-11-01,album
2uDTi1PlpSpvAv7IRAoAEU,HIGHEST IN THE ROOM,Travis Scott,2019-10-04,album
0RDH4M8AhISBHwCVr2ByYX,Antisocial (with Travis Scott),"Ed Sheeran, Travis Scott",2019-07-11,album
6TcKoifNw4hO5Nyl3pgwAa,SICKO MODE (Skrillex Remix),"Travis Scott, Skrillex",2018-11-28,album
0D2ArJUb7VQ2tVmsHZohUZ,Dark Knight Dummo (Feat. Travis Scott),"Trippie Redd, Travis Scott",2017-12-05,album
5QQeGvfjC9N8ERhn63sqLM,Know No Better (Remixes),"Major Lazer, Travis Scott, Camila Cabello",2017-08-18,album
1LSA9cFMaK9j6hXvT62L0h,Know No Better,"Major Lazer, Travis Scott, Camila Cabello",2017-06-01,album
1x2nZMdADxqrWWcDveYNYN,Fish N Grits (feat. Travis Scott),"Wale, Travis Scott",2017-04-07,album
3G9US0Byt1UldeKifKPIwa,Go Off,"Lil Uzi Vert, Quavo, Travis Scott",2017-03-02,album
4MDMfOdhV1IyoRnklwOHG9,pick up the phone,"Young Thug, Travis Scott",2016-06-03,album
5zi7WsKlIiUXv09tbGLKsE,IGOR,Tyler The Creator,2019-05-17,album
2nkto6YNI4rUYTLqEwWJ3o,Flower Boy,Tyler The Creator,2017-07-21,album
621OhgnZJ7Pz8iUazct1In,Cherry Bomb,Tyler The Creator,2015-04-13,album
5V3Chnpno9oTI7JSPXKUf3,Cherry Bomb + Instrumentals,Tyler The Creator,2015-04-13,album
40QTqOBBxCEIQlLNdSjFQB,Wolf,Tyler The Creator,2013-04-01,album
40ucxnGO51wcTGNI6xge6z,Goblin (Deluxe Edition),Tyler The Creator,2011-05-10,album
7tjZ51DOxwxIcnY20ThkaV,Goblin,Tyler The Creator,2011-05-10,album
2gIJO0RLORaeRCT9G1E52V,EARFQUAKE (Channel Tres Remix),"Tyler The Creator, Channel Tres",2019-10-04,album
05qQ4Sl7LjxDhZFB1ChVvH,Music Inspired by Illumination & Dr. Seuss' The Grinch,Tyler The Creator,2018-11-16,album
0mON6NgLc1WR44HQ3CkNZb,Peach Fuzz,Tyler The Creator,2018-09-21,album
5wWkfNvfwMfQFbas9Gjggq,435,Tyler The Creator,2018-06-08,album
0dXN05tQ4StX1W0lwN95Q6,OKRA,Tyler The Creator,2018-03-30,album
1IwLvI6D1ZQbnRjdTNdEJu,I Ain't Got Time!,Tyler The Creator,2017-07-19,album
5CNavGuUL6Ztukid91qgVB,Boredom,Tyler The Creator,2017-07-12,album
0RffqgthNhj28TMkTUc4h3,Who Dat Boy / 911,Tyler The Creator,2017-06-30,album
4n7vzMjIJLuU4yMSFaoQ9h,Domo23,Tyler The Creator,2013-02-15,album
1scDXjzL5XDnu1Sp7twX8V,Sandwitches,"Tyler The Creator, Hodgy",2011-02-15,album
1rHPGCGcTUUzeFtGs2SGPZ,Yonkers,Tyler The Creator,2011-02-15,album
6SRxt5KPZbpJ4dB8ssYvQ0,Banned (Slowed & Chopped by DJ Red),UGK,2018-11-23,album
791Vf45uel4npVmy9jCjpE,The Southern Way,UGK,2018-06-30,album
3615jyGdFlOI0uLCBnzWXA,The Bigtyme Way (1992-1997) [Slow’d & Tap’t],UGK,2016-11-29,album
52D2v3pzp70PRdjH2HDKO0,The Bigtyme Way 1992-1997 (Bonus Edition),UGK,2015-04-07,album
2DFK9pm59cvDaFWKgJVUtk,UGK 4 Life,UGK,2009-03-26,album
4GXlMz68LyGZeHzJcetFi1,UGK (Underground Kingz),UGK,2007-08-07,album
04F8RvzrP94IgFnim6jOom,Jive Records Presents: UGK - Chopped & Screwed,UGK,2004-12-03,album
6Q7TCZ31DUdPr4wOYi8lPG,Best of UGK,UGK,2003-06-12,album
2GVOVA37Vzl1vgsPRBA6Nj,The Southern Way (Mixed By Big Chance),UGK,2003,album
7jlzVc3FDwo8JD3xF6ww9S,Side Hustles,UGK,2002-09-23,album
1HWeoKv9Pi7Mkw3oQA7Yud,Dirty Money,UGK,2001-11-11,album
4jTPQq9PSlKMOm1yLx2ATN,Ridin' Dirty,UGK,1996-07-30,album
4rjGyhPnaKV5hfwFNiHtQA,Super Tight,UGK,1994-08-30,album
4HzHd0EcjdHYKDi5NbS5xU,Too Hard To Swallow,UGK,1992-09-11,album
0DKm0cvIrEw0gkt0odO28Q,Da Game Been Good to Me,UGK,2009-02-12,album
43XDVMxfto2FBYe1PQ1aEI,Quit Hatin' the South (feat. Charlie Wilson & Willie D),UGK,2007-02-27,album
5IS0MYKTVN9DSPmL9bcoK0,Stop-n-Go (feat. Jazze Phá),UGK,2006-11-21,album
1XGGeqLZxjOMdCJhmamIn8,FM!,Vince Staples,2018-11-02,album
5h3WJG0aZjNOrayFu3MhCS,Big Fish Theory,Vince Staples,2017-06-23,album
2haR5qnQopCdVASZ92YTGn,Prima Donna,Vince Staples,2016-08-25,album
4Csoz10NhNJOrCTUoPBdUD,Summertime '06,Vince Staples,2015-06-30,album
7mxpMxmMM8RN39YRlo08v7,Hell Can Wait,Vince Staples,2014-09-23,album
1bSClsUZiaNRzifTz0YMu9,Hell Bound (Ad 01),Vince Staples,2019-12-19,album
09VyQ2zwUx0EBKTJNBUZv1,"Yo Love (From ""Queen & Slim: The Soundtrack"")","Vince Staples, 6LACK, Mereba",2019-11-11,album
6JmxEBw8F70kglARriocdW,Sheet Music (Episode 02),Vince Staples,2019-10-31,album
2aYUBEDBamdjpTQT6h6vAL,So What? (Episode 01),Vince Staples,2019-08-22,album
0wF7e3QCjqx2eACY1eMP0Z,Get The Fuck Off My Dick,Vince Staples,2018-03-09,album
6eQpKhYCtvD0TwXQVHsgC2,&burn (with Vince Staples),"Billie Eilish, Vince Staples",2017-12-15,album
528CxZWW3tiHKzJcPgvWej,Norf Norf,Vince Staples,2015-06-23,album
2xnuEN4FUvEJ7au1j82Y1L,Of Mics And Men (Music From The Showtime Documentary Series),Wu-Tang Clan,2019-05-17,album
3g8KDFecnLPa6YiBdHTl8K,The Saga Continues,Wu-Tang Clan,2017-10-13,album
1XiCmEinrmarN4R6F9saUf,A Better Tomorrow,Wu-Tang Clan,2014-12-01,album
1rsA8ofEIHtvfR1FTwt0xj,Soundtracks from the Shaolin Temple,Wu-Tang Clan,2013-05-14,album
62IgDbNTi6rvc11a1XgCd4,Legendary Weapons,Wu-Tang Clan,2011-07-26,album
5obiyJomz6ypITdwLIdNkv,"Wu-Tang Meets the Indie Culture, Vol. 2 - Enter the Dubstep (Instrumentals)",Wu-Tang Clan,2010,album
762XfNqBx6GV8IseS2zSuq,Wu-Tang Meets the Indie Culture Vol. 2: Enter the Dubstep,Wu-Tang Clan,2009-11-10,album
7GvdgeSyGWQ8x7RrchZkU3,Wu-Tang Meets The Indie Culture Instrumentals,Wu-Tang Clan,2009-04-14,album
7E41BxBIjPfESE4i75oDVR,Live At Montreux 2007,Wu-Tang Clan,2008-09-22,album
14u4xxov9oj509A7sGPJdH,8 Diagrams,Wu-Tang Clan,2007-12-11,album
71i2DEJp6T0ywlT62T3gLv,Wu-Tang Meets The Indie Culture,Wu-Tang Clan,2005-10-18,album
1QzsV8brEcEwOe7jcMUz13,Disciples of the 36 Chambers: Chapter 1 (Live) [2019 - Remaster],Wu-Tang Clan,2004-03-12,album
1gKAuYWacmDF9bpHlLBLcX,Wu-Tang Iron Flag,Wu-Tang Clan,2001-12-18,album
3hn46RDrEmoi4XhLjgdNjZ,Bad Vibes Forever,XXXTENTACION,2019-12-06,album
2c6s84YTwR9cfncPmB9fNW,? (Deluxe),XXXTENTACION,2019-09-06,album
4EeDFhIVRxOg4dx7ozSNXa,"XXXTENTACION Presents: Members Only, Vol. 4",XXXTENTACION,2019-01-23,album
1qsQOC4Jn0fnaUZLAbs4dz,SKINS,XXXTENTACION,2018-12-07,album
2Ti79nwTsont5ZHfdxIzAm,?,XXXTENTACION,2018-03-16,album
5VdyJkLe3yvOs0l4xXbWp0,17,XXXTENTACION,2017-08-25,album
7ifkO4gppMVf0HNy7JJDHn,"XXXTENTACION Presents: Members Only, Vol. 3",XXXTENTACION,2017-07-14,album
1f8a8aLfreWLK8lH7t74ws,bad vibes forever,XXXTENTACION,2019-11-22,album
0n2Pe7tA6N8hl7Qwo0FawG,HEARTEATER,XXXTENTACION,2019-10-22,album
2rfqTGtJKFY3hJLuuTLA5A,#PROUDCATOWNERREMIX,XXXTENTACION,2019-08-20,album
0PlIVDVVQdDmYijtQAMpIO,"Royalty (feat. Ky-Mani Marley, Stefflon Don & Vybz Kartel)",XXXTENTACION,2019-07-19,album
53OzYwSgFnw45FrJ8qr6ix,Falling Down (Travis Barker Remix),"Lil Peep, XXXTENTACION",2019-07-11,album
4BuW3ZVDpuEaxTkp85SYfM,RUN IT BACK!,"Craig Xen, XXXTENTACION",2019-06-12,album
0YcBWlnJCLef8qsaHaFtfU,BAD!,XXXTENTACION,2018-11-09,album
3z7DY4VvhzVkxHdgoPQwmL,Banded Up (feat. XXXTENTACION),"Ronny J, XXXTENTACION",2018-02-15,album
5zuM1EG06X1J7VsIF1omRm,4REAL 4REAL,YG,2019-05-24,album
5IYvKd22yQkJRfoIStesbX,STAY DANGEROUS,YG,2018-08-03,album
4VqdntbxmB7r1At6sPKRnb,Red Friday,YG,2016-11-25,album
4nwd6ernojhNIIRifDJoRz,Still Brazy (Deluxe),YG,2016-06-17,album
023jioejd2M0SHsBo3tXrP,California Livin,"Blanco, YG, DB Tha General",2015-10-09,album
3ldsrFbLgrIJ00byb2tncW,Blame It On The Streets,YG,2014-11-24,album
60QP93G98tBVQnB6qWROtY,My Krazy Life (Deluxe Edition),YG,2014-03-18,album
10jogO732o8oGvsjVpWRmO,My Krazy Life (Deluxe),YG,2014-01-01,album
00ZongxwSU87MBYWcUgDGf,My Krazy Life,YG,2014-01-01,album
6LYs6vCaIZd3kemw1JDGti,Just Re'd up 2,YG,2013-01-02,album
4T2mQ3Ou4VOt2257bYYAZy,Just Re'd Up,YG,2011-05-11,album
24jAbLMFzCTlIv3kQ94HwK,So Much Fun (Deluxe),Young Thug,2019-12-20,album
1bnHPO4dKK7IjvgrtVBcQh,So Much Fun,Young Thug,2019-08-16,album
4OHfmMUq6xwCo8zfQuc9Rf,Slime Language,"Young Thug, Young Stoner Life Records",2018-08-17,album
5Dwws0oO0fQLDsrwZE7rvW,Slime Season 4,Young Thug,2017-12-04,album
51KZKzPd3OQT1r46a55VTt,Beautiful Thugger Girls,Young Thug,2017-06-16,album
7EpUpNUkkEGnaCvkcn1j4H,JEFFERY,Young Thug,2016-08-26,album
2z4c8M8aVzl7CTobIp36KF,Slime Season 3,Young Thug,2016-03-25,album
4sAB9WulPpnAcig7alDGTg,I'm Up,Young Thug,2016-02-05,album
3etiSiRWBRUkJ4vMW2s3DK,1017 Thug,Young Thug,2015-12-11,album
3qIk608h23slt7KEqhEyj4,Young Thugger Mane La Flare,"Gucci Mane, Young Thug",2015-12-11,album
5yu0WHG7kYQuFA7GdOQL9Y,The Purple Album,"Gucci Mane, Young Thug",2015-06-09,album
0BsMZIueWsJLWng8A7sE8e,Barter 6,Young Thug,2015-04-16,album
7a3rhn1csJY4CbdqcQsMcy,Brick Sqaud,Young Thug,2014-11-18,album
4N0QH3uy5K5T3fMtpLIpKq,1017 Thug 3 The Finale,Young Thug,2014-08-29,album
56hYCG1iltKiEgSPOeRRYd,Young Thugga Mane La Flare,"Gucci Mane, Young Thug",2014-04-24,album
4k4w4MLXdY084qrbMGy9Sg,I Came from Nothing 2,Young Thug,2011-12-20,album
