album_uri,album_name,artist,release_date
6guJZpZ52v4MrJKIH7tASl,i am > i was (Deluxe),21 Savage,2018-12-24
007DWn799UWvfY1wwZeENR,i am > i was,21 Savage,2018-12-21
3IO8IPjwXuzPJnoaqkwYrj,NOT ALL HEROES WEAR CAPES (Deluxe),21 Savage,2018-11-06
0MV1yCXcNNQBfwApqAVkH0,Without Warning,21 Savage,2017-10-30
4QUNWTw2FsIz722xjUjFJw,Issa Album,21 Savage,2017-09-23
4I3EcXD4e3KcEoDJfFEZ5b,Savage Mode,21 Savage,2016-07-15
1HSyuTHvLXMWyPJQGnQTLw,Slaughter King,21 Savage,2016-05-16
3l2umvdEq50qZ5fmw4iHcI,The Slaughter Tape,21 Savage,2016-05-15
2qmmPaaWXRM1kZujpUKKsO,Soldier 2 Soldier (Collector's Edition),2Pac,2010-11-23
5y1YRK4BJCQWKLHr9gcUMK,Nu Mixx Klazzics Vol. 2 (Evolution: Duets And Remixes),2Pac,2007-07-03
5eVcXpQNaB4ILrocqaUdmT,Pac's Life,2Pac,2006-01-01
2d3RwSNxvWKiKLfJtsJj8v,The Rose - Volume 2 - Music Inspired By 2pac's Poetry,2Pac,2005-09-20
1qzfkoM52XWcEzmm8akE26,Live at the House Of Blues,2Pac,2005-09-20
7vwU5cQW3RZ4XrJaglir2x,All Eyez On Me,2Pac,2005
3bCGjEpp17jWKqyKzATiny,Live,2Pac,2004-08-10
33lk2GnP8cJzl7cd1OJrXn,Loyal To The Game,2Pac,2004-01-01
3MJVucN9nO8WHaLo3KHuWO,Resurrection,2Pac,2003-11-14
2QVE1PUAtL4eO7CVAgwdnu,Resurrection (Music From And Inspired By The Motion Picture),2Pac,2003-11-04
27Ay0IVSnhfYB2XTEW8gn0,Nu-mixx Klazzics,2Pac,2003-10-07
0KmKhrRc4dFTA5dHMJlm5w,Animal Ambition: An Untamed Desire To Win,50 Cent,2014-06-03
7eEjgXDzF8rNVUwuiXtB7Y,Before I Self-Destruct,50 Cent,2009-01-01
5SGg2y6qyIqGg78XTmaYv4,Before I Self-Destruct - The Selects,50 Cent,2009-01-01
3AgCuejBHH780ROyGkKUvj,Bullet Proof,50 Cent,2007-01-30
5VfBwkAoSsQwtZjPU0Gr7h,Curtis,50 Cent,2007-01-01
7hVj5YSiBCxZmzjnsVwKKC,Live At The Hard Rock (Edited Version),50 Cent,2007-01-01
3LtIWfN1EITld1LloQwl2O,Get Rich Or Die Tryin,50 Cent,2007-01-01
2pidzXTaHV4WaIJYRxKDCH,The Massacre,50 Cent,2005-03-03
2UpMdkZlJUuiJ2QYETOrSu,Rare,50 Cent,2003-10-15
0OfzVAXf5aVP4W4NIOLTKj,Get Rich Or Die Tryin',50 Cent,2003-02-06
3WvQpufOsPzkZvcSuynCf3,We got it from Here... Thank You 4 Your service,A Tribe Called Quest,2016-11-11
0FH3WsTCWaDmfpEojJ4sN2,The Love Movement,A Tribe Called Quest,1998-09-29
0EguP4tsJurU5I8ocCxdyb,"Beats, Rhymes & Life",A Tribe Called Quest,1996-07-30
4v5x3Oo3UjQ9YmF3hRAip5,Midnight Marauders,A Tribe Called Quest,1993-11-09
1p12OAWwudgMqfMzjMvl2a,The Low End Theory,A Tribe Called Quest,1991-09-24
3kV0i1qqudjf0PGawJ4jck,People's Instinctive Travels and the Paths of Rhythm (25th Anniversary Edition),A Tribe Called Quest,1990-04-17
6bI4IQKBcLX0KsTjQ9NR97,Floor Seats,A$AP Ferg,2019-08-16
0tQ7Iu6EicQTPyhYRNWjaT,Still Striving,A$AP Ferg,2017-08-18
2h5LDCGJCWUyaoEXQZHky6,ALWAYS STRIVE AND PROSPER,A$AP Ferg,2016-06-22
3smlfAmejcKMmAPg1G2Kki,Trap Lord,A$AP Ferg,2013-08-19
0qr1Fvi1haEDWVbFtekZLb,Cozy Tapes Vol. 2: Too Cozy,A$AP Mob,2017-08-25
3RaACfwYTY9uiDy3VSWLLc,Cozy Tapes: Vol. 1 Friends -,A$AP Mob,2016-10-31
3MATDdrpHmQCmuOcozZjDa,TESTING,A$AP Rocky,2018-05-25
3arNdjotCvtiiLFfjKngMc,AT.LONG.LAST.A$AP,A$AP Rocky,2015-05-26
6rzMufuu8sLkIizM4q9c7J,LONG.LIVE.A$AP (Deluxe Version),A$AP Rocky,2013
1CEeqK9sKrE7LzUHeT3bfP,Do What Thou Wilt.,Ab-Soul,2016-12-09
021zMZKO2pUA3yoUQFW2uy,These Days...,Ab-Soul,2014-06-24
26RLXRJA7aOOffZJGjUaSW,Control System,Ab-Soul,2012-05-11
446OAWTQsR7utlWr0gDkX0,Longterm Mentality,Ab-Soul,2011-04-05
1KvZT4NZm69EkOym8rLqW1,K.R.I.T. IZ HERE,Big K.R.I.T.,2019-07-12
7DUNqEpnwePiDrwO4R1xz3,TDT,Big K.R.I.T.,2019-01-11
6vGEX2ejVVsHTIsqI1teZg,4eva Is A Mighty Long Time,Big K.R.I.T.,2017-10-27
0XX3FIjtWd56K235GrjJCf,All My Life,Big K.R.I.T.,2015-11-20
7AUsm4Nzd6ApSgkLCHSjia,Cadillactica (Deluxe Version),Big K.R.I.T.,2014-08-25
2UltMFyGSTrCmIPnb5gjZX,Cadillactica (Deluxe),Big K.R.I.T.,2014-08-25
5ISxyfC6ThuSz2wP7NS2aF,Cadillactica,Big K.R.I.T.,2014-08-25
5yBkCapvSn1B6eTAbkcCfi,Live From The Underground (Explicit Version),Big K.R.I.T.,2012-01-01
5kE9pfTSekNenqqdlvtBQd,Live From The Underground,Big K.R.I.T.,2012-01-01
6GRzmk9UGL7odxprOPop1Q,Mos Def & Talib Kweli Are Black Star,Black Star,1998-09-29
7nn2Iaphg0Vc1NCGULkhVo,True to Self,Bryson Tiller,2017-05-26
6eZdwrhB97A3EYx9QppGfl,T R A P S O U L,Bryson Tiller,2015-10-02
5BisPwmcPAZ6jyo1GZNgIn,The GloFiles (Pt. 3),Chief Keef,2019-11-08
5yrvZXsfvB9hvmY61JjLBT,The Leek (Vol. 8),Chief Keef,2019-07-26
7Emb8y1pVooAMZHOUmqduR,Camp GloTiggy,Chief Keef,2019-05-31
2gG16AQytvGhsS51Xg6wh3,GloToven,Chief Keef,2019-03-15
5U0NCTYNe7ImfN7VABC6WR,The Leek (Vol. 7),Chief Keef,2019-01-18
3fft7xbsjbCB16M4PIVVkM,The Leek (Vol. 6),Chief Keef,2018-12-07
2H7gR72Pdgr6vSm7ZFgznD,Back From The Dead 3,Chief Keef,2018-10-31
1Wfr7zwBCyHH2n9A2s651R,Mansion Musick,Chief Keef,2018-07-13
5dmZ6V8zSQV5YJI6i2r3Sh,The GloFiles (Pt. 1),Chief Keef,2018-05-11
5wZxjDQqndilCFhJWtLBS0,The GloFiles (Pt. 2),Chief Keef,2018-05-11
4Carzsnpd6yvuHZ49I0oz8,"""Awaken, My Love!""",Childish Gambino,2016-12-02
5dVKggb6Nvfp7JJdLfHPof,Kauai,Childish Gambino,2014-10-03
4GNIhgEGXzWGAefgN5qjdU,Because the Internet,Childish Gambino,2013-12-10
5521VBNriW9xUAaTETHQTE,Heartbeat (Remix Bundle),Childish Gambino,2012-02-14
32KdoFFhgjCLdU0DWL71tx,Camp,Childish Gambino,2011-11-15
3fFlGU0k3z7wle0gp4wNrU,Til The Casket Drops,Clipse,2009-12-08
7L5rQPYfIMSkHdcSlRMIz6,Re-Up Gang The Saga Continues,Clipse,2008-04-22
1HftQWyKWoGsrmG5lRkJDE,Hell Hath No Fury,Clipse,2006-11-25
1Q83nQO2QG81TVa10hW7LX,Lord Willin',Clipse,2002-04-01
6Rf7DjuM5vH2SzNJytE9h4,Let Love,Common,2019-08-30
2DTbGcv40CSMW0P4yAQQBa,Black America Again,Common,2016-11-04
74hPuIcd2Wa0T3FRqtTKHX,Black America Again (Commentary),Common,2016-11-04
0ymZEUngBCetAJcJaqO63b,Nobody's Smiling (Deluxe),Common,2014-07-22
6sG3BcBh4DlQ9dzW6BHklG,Nobody's Smiling,Common,2014-07-22
17eQeA5m7DpsZ42mUAGjgG,"The Dreamer, The Believer",Common,2011-12-20
6wl2laSmw3sucFUwRlqAP2,Universal Mind Control,Common,2008-01-01
5159VIYNslxNMzF3m53kSu,Finding Forever,Common,2007-07-31
2UuvBxV56QWWj2uviGS0up,Be,Common,2005-01-01
4eD2SoySMPRl0SBv7rqk1X,Electric Circus,Common,2002-01-01
59w1ZYEEZu2sYvcyPLfKSv,Like Water For Chocolate,Common,2000-03-28
4G3BRVsGEpWzUdplFJ1VBl,uknowhatimsayin¿,Danny Brown,2019-10-04
3e7vtKJ3m1zVh38VGq2g3H,Atrocity Exhibition,Danny Brown,2016-09-27
2L32VPdX8NcICxVf6AhDqD,Hot Soup - Instrumentals,Danny Brown,2014-04-05
5SC0415RIGVX9ZfL0tfbAl,Old,Danny Brown,2013-10-08
1QESrfmlfAl19Gr8mXcysi,XXX (Deluxe Edition),Danny Brown,2012-03-13
61KN8iSYTZq58bfsCfEwiZ,Black And Brown,Danny Brown,2011-11-01
0P4u1ZRM6CXePgpeF8ShmN,The Hybrid - Deluxe Edition,Danny Brown,2010
1h19AU04eolAfpQ3ywiQGX,Hot Soup,Danny Brown,2008-07-01
46eayJPxf1cBWWUqNa2MJJ,Year Of The Snitch,Death Grips,2018-06-22
4dIPUQHheyH9e6ioplvNT2,Bottomless Pit,Death Grips,2016-05-06
0T0hdMTypoYTFhgk4ugXkN,Fashion Week,Death Grips,2016-05-06
5Y04ylQjDWsawOUJXzY4YO,The Powers That B,Death Grips,2015-02-10
3T01oOjbrox1jz0pR112oV,Government Plates,Death Grips,2014-01-14
1PQDjdBpHPikAodJqjzm6a,The Money Store,Death Grips,2012-04-20
08aqY8lv4zx4uaqBUpMD8a,No Love Deep Web,Death Grips,2012
6PkSBdx19zarn4ae1D08gA,ZUU,Denzel Curry,2019-05-31
6idVoBWP2mt1qoMtASm3gc,TA13OO,Denzel Curry,2018-07-27
42fyKPanos0Q3woi848ktg,Imperial,Denzel Curry,2016-10-14
1t05YAzxjK1HqLD2KcBjx5,32 Zel,Denzel Curry,2015-06-09
6ZnMFVV5HDv2xmHG7bn7et,Compton,Dr. Dre,2015-08-21
7q2B4M5EiBkqrlsNW8lB7N,2001,Dr. Dre,1999-11-16
3t3Ar2cJUVLY6yTRmrezI8,2001 Instrumental,Dr. Dre,1999-11-16
7dqpveMVcWgbzqYrOdkFTD,Care Package,Drake,2019-08-02
1LShhEEKRT5MNPcO7jtYHh,So Far Gone,Drake,2019-02-15
1ATL5GLyefJaxhQzSPVrLX,Scorpion,Drake,2018-06-29
1lXY618HWkwYKJWBRYR4MK,More Life,Drake,2017-03-18
0G1ffjfFuTUTVjDrVdLimH,Views,Drake,2016-05-13
15QCBYjP6HwHvsff100UBx,What A Time To Be Alive,Drake,2015-09-25
0ptlfJfwGTy0Yvrk14JK1I,If You're Reading This It's Too Late,Drake,2015-02-12
5mz0mJxb80gqJIcRf9LGHJ,Nothing Was The Same (Deluxe),Drake,2013-01-01
1XslIirSxfAhhxRdn4Li9t,Nothing Was The Same,Drake,2013-01-01
0N0EFoE8csbKxl5lxT1ylm,FEET OF CLAY,Earl Sweatshirt,2019-11-01
66at85wgO2pu5CccvqUF6i,Some Rap Songs,Earl Sweatshirt,2018-11-30
3wUv2IjD5hPrqlPakpczQa,"I Don't Like Shit, I Don't Go Outside: An Album by Earl Sweatshirt",Earl Sweatshirt,2015-03-23
5vRfIDOPJHy3W2wHWbzLlE,Doris,Earl Sweatshirt,2013-08-16
4otkd9As6YaxxEkIjXPiZ6,Music To Be Murdered By,Eminem,2020-01-17
3HNnxK7NgLXbDoxRZxNWiR,Kamikaze,Eminem,2018-08-31
7cwcyW39NGUAiukHc1MOFD,Revival,Eminem,2017-12-15
6DN7GcZF1HywzrkGN6Eeqk,The Marshall Mathers LP2 (Deluxe),Eminem,2013-11-05
3vOgbDjgsZBAPwV2M3bNOj,The Marshall Mathers LP2,Eminem,2013-11-05
47BiFcV59TQi2s9SkBo2pb,Recovery,Eminem,2010-06-18
7MZzYkbHL9Tk3O6WeD4Z0Z,Relapse: Refill,Eminem,2009-05-15
7h2OEj0ifXb3UdgvTmCqfY,Relapse,Eminem,2009-05-15
6HXlnhMr40FP2qBTnKXRbA,Relapse [Deluxe],Eminem,2009-05-15
1kTlYbs28MXw7hwO0NLYif,Encore (Deluxe Version),Eminem,2004-11-12
3mH6qwIy9crq0I9YQbOuDf,Blonde,Frank Ocean,2016-08-20
392p3shh2jkxUxY2VHvlH8,channel ORANGE,Frank Ocean,2012-01-01
31KbO7WnDp2AjPdmRTJzdf,Bandana,Freddie Gibbs,2019-06-28
3JgtFZroTUGoklTtb2xOne,Fetti,Freddie Gibbs,2018-10-31
6JaEv20qGvSgIHQbxwtjUu,Freddie,Freddie Gibbs,2018-06-22
2LCCg172ZNVAA9aFH2EPst,You Only Live 2wice,Freddie Gibbs,2017-03-31
41zRghNRGMG6l8dYtRp3iI,Shadow of a Doubt,Freddie Gibbs,2015-11-20
3MmQYoMTS3hGiBLKDuId4b,Piñata (Alex Goose Remix),Freddie Gibbs,2015-11-13
5AW4FwzZSKW1se5qWQCrR1,Piñata (Alex Goose Instrumental Remix),Freddie Gibbs,2015-11-13
0WGBGGhEa9RjcLNWkYFMuJ,Piñata (Alex Goose Remixes),Freddie Gibbs,2015-10-30
1GYG80diXFWYwH7FJB7KeC,Piñata Beats,Freddie Gibbs,2014-06-03
7nfBj1HTi3LHg5lJt1LbE4,The Tonite Show with Freddie Gibbs & The Worlds Freshest,Freddie Gibbs,2014-05-13
43uErencdmuTRFZPG3zXL1,Piñata,Freddie Gibbs,2014-03-18
2CKPvOCCB1aCh5ZHoXm5vT,ESGN - Evil Seeds Grow Naturally,Freddie Gibbs,2013-06-19
6z2F5JAAILOH3nyvNcECy8,Cold Day In Hell,Freddie Gibbs,2012-12-11
6r4A1kEu3HAGMpEYBqocVl,"Lord Giveth, Lord Taketh Away",Freddie Gibbs,2012-10-02
15k8vlPxxEjhpHAxuwSBUh,Baby Face Killa,Freddie Gibbs,2012-09-25
0zrSpGKGnSbKoeIavHiy6I,Str8 Killa,Freddie Gibbs,2010-08-03
4zv8fBnpl74bnzlYYi5Yih,Midwestgangstaboxframecadillacmuzik,Freddie Gibbs,2009-01-01
1c5SNuDvXXiD9g0IKBUh28,The Miseducation of Freddie Gibbs,Freddie Gibbs,2009
6Q3VZtyPCZFMO4cPF4828q,Monster,Future,2019-10-28
65hRa80KDworqyE8242rLN,SAVE ME,Future,2019-06-07
3LpIwZdzFwc10psLingT8x,Future Hndrxx Presents: The WIZRD,Future,2019-01-18
6P9PZjWXoCRF5b66BafPKY,Future & Juice WRLD Present... WRLD ON DRUGS,Future,2018-10-19
6Ew52HWkgfbth9ihRAq2Xd,BEASTMODE 2,Future,2018-07-06
0C0Vs4XobImmqpr6kIasde,SUPERFLY (Original Motion Picture Soundtrack),Future,2018-06-15
187UNqZ7MX3neMYkkevmdm,SUPER SLIMEY,Future,2017-10-20
7K6OykPbezfgKgBufihn6X,HNDRXX,Future,2017-07-27
17FBoXK1NU2rvJBbzdzw0r,FUTURE,Future,2017-06-30
1GvR0Bjqbq1ejwjzLjrOcG,Beast Mode,Future,2016-11-29
3jJKDKdlwRS584zUlHV2Ly,EVOL,Future,2016-04-13
0fUy6IdLHDpGNwavIlhEsl,DS2 (Deluxe),Future,2015-07-17
3dP0TFEEzTXJQKtrpsKFUj,DS2 - Track by Track Commentary,Future,2015-07-15
7EYx33pYJKBfjCaDsfIjp4,Ghostface Killahs,Ghostface Killah,2019-09-13
4hQXk5RY7rL0NMxdR0x49U,Czarface Meets Ghostface,Ghostface Killah,2019-02-15
40c7E8VG9R8U0NKft7J7Yk,Ghost Files - Bronze Tape,Ghostface Killah,2018-11-30
4t1y7sVACbddwczEcQs5HI,Ghost Files - Propane Tape,Ghostface Killah,2018-11-30
6WkwHbcr6RAIqa72NsDFea,The Lost Tapes,Ghostface Killah,2018-10-05
2fPz4Kn1vZTFZVbP0ia8Vq,Adrian Younge Presents: 12 Reasons to Die I,Ghostface Killah,2018-03-30
7yXfSAtdHFZ1pYSubEio6a,The Brown Tape,Ghostface Killah,2018-01-26
3G7WHOu9IDqO4UKyw2IfUr,Adrian Younge Presents: 12 Reasons To Die II,Ghostface Killah,2015-06-26
0hWXtK4mP6Be6AHIllknU7,Sour Soul (Instrumentals),Ghostface Killah,2015-05-18
7gP4vkln7Qmbycgx8WwTzL,Sour Soul,Ghostface Killah,2015-02-19
2MNtOTfhYOxIw5xWEQHUvZ,36 Seasons,Ghostface Killah,2014-12-09
2o8bBwp8CMxyeCg4P6KF7A,Hidden Darts Special Edition,Ghostface Killah,2010-09-22
3hPl7uRfNdRvoRW0kUzkVk,Apollo Kids,Ghostface Killah,2010-01-01
04HkBvk0hRK9rLqmdDTuB8,Wu Massacre,Ghostface Killah,2010-01-01
6D9kjJvj2pdYEfjkJZDu9s,Wu Tang Presents…Wu Massacre,Ghostface Killah,2010-01-01
4imA6mzSbTkAm0GoHh6zRF,Ghostdini Wizard Of Poetry In Emerald City,Ghostface Killah,2009-01-01
5nmN1wW90fbqNbz7ltY7rg,Pro Tools,GZA,2008-08-19
0ic6rMSwqDasuXSA7zJ1pw,The Pro Tools Instrumentals,GZA,2008-08-19
3jSH6iHYvCsAphx5eUkQNb,Grandmasters,GZA,2005-10-25
5uxYLiUKqQNoiD5rIVHnkm,Legend Of The Liquid Sword,GZA,2002-01-01
4QMKELvG0VNODbiFigj4K9,Beneath The Surface,GZA,1999-01-01
3k8xoyOXkGgZxUKgpmxz4P,Liquid Swords,GZA,1995-01-01
6jjX8mGrsWtrpYpFhGMrg1,The Sun's Tirade,Isaiah Rashad,2016-09-02
6JF49ixyHmOgS0Rsda2k42,Cilvia Demo,Isaiah Rashad,2014-01-28
4MCPd6AmA6xfmmggVgtUmP,Ruff Draft (Dilla's Mix),J Dilla,2018-04-20
0Plu6TE7pXhLuqIG9VZeoP,"J Dilla's Delights, Vol. 1",J Dilla,2017-06-16
0v9TomxoVagPyvVNGhDbyB,Motor City,J Dilla,2017-04-21
3cuTZGpaOoSETI0HChtro5,Jay Dee's Ma Dukes Collection,J Dilla,2016-12-23
339adC6BXzqIBYVfO2gqnN,Champion Sound: The Remix,J Dilla,2016-11-25
4DVqfowyeO2LGe2TZLJBU8,Jay Dee a.k.a. King Dilla,J Dilla,2016-10-17
13U6VMbPcQMgIswWcRUMnI,The Shining – the 10th Anniversary Collection,J Dilla,2016-08-19
1JKqsdbwfOK1233EOT67ZM,Jay Love Japan,J Dilla,2016-06-06
572uuU7BBaHJpkz6XhveN7,The Diary,J Dilla,2016-04-15
5kTINh4kyYiCLhneXGtKDe,"The King of Beats, Vol 2: Lost Scrolls",J Dilla,2016-02-19
0Kh9j1Van0OshA6ogFPVA9,Dillatronic,J Dilla,2015-10-30
2uneuSwxM1Sk4Ku4YqpjEA,The Diary (Instrumentals),J Dilla,2015-07-08
3rnppXWBl6wECc3tiLyG16,The King of Beats (Batch #1),J Dilla,2015-02-07
3rx0d5EBLCthDV3jWK5TOG,The King of Beats (Batch #2),J Dilla,2015-02-07
5vDuDvpv9xwrc1T4RUMpG9,The King of Beats (Batch #3),J Dilla,2015-02-07
3zlzM62D7cMQS4TXL2GNj3,The King of Beats (Batch #4),J Dilla,2015-02-07
27xemdV6LEuA82QUa0wW6d,"The King of Beats, Vol. 1",J Dilla,2015-02-07
5PerfGh9Smd6XjwkxpmL4V,Revenge Of The Dreamers III: Director's Cut,J. Cole,2020-01-16
2n3quCZ0anEa46j2IveacI,Revenge Of The Dreamers III,J. Cole,2019-07-05
4Wv5UAieM1LDEYVq5WmqDd,KOD,J. Cole,2018-04-20
3CCnGldVQ90c26aFATC1PW,4 Your Eyez Only,J. Cole,2016-12-09
1yZC8xZwv4gsmCZ4p4JWdI,"Forest Hills Drive: Live from Fayetteville, NC",J. Cole,2016-01-28
7viNUmZZ8ztn2UB4XB3jIL,2014 Forest Hills Drive,J. Cole,2014-12-09
1NfrmcXk8xNennyxQ57JcW,Born Sinner,J. Cole,2013-06-14
0fhmJYVhW0e4i33pCLPA5i,Cole World: The Sideline Story,J. Cole,2011-09-27
2oI6gtIXrvNiL2VEMmj5kY,DiCaprio 2,JID,2018-11-26
1gPqbxhs90kppgOVxGOPzd,The Never Story,JID,2017-03-10
4IAMLhL37kMrpByavj25Ne,Redemption,Jay Rock,2018-06-15
1fsvlnonD95p6VTEdQ7zJn,90059,Jay Rock,2015-09-11
6bPbKuFNW6Vausf1PExvd9,Follow Me Home,Jay Rock,2014-11-10
3MwxfLMaztuCkOnsrisxGn,From Hood Tales to the Cover of XXL,Jay Rock,2010-07-20
1NPxBmG3k3UzybcaxxSVuB,Escape From New York,Joey Bada$$,2019-05-24
6swV0WUnPygRIMgEKn6Ige,ALL-AMERIKKKAN BADA$$,Joey Bada$$,2017-04-07
4diNkL6XWhuGmSQHiyiUPt,B4.Da.$$,Joey Bada$$,2015-01-20
3s5S4XAC5HgHaTyH5Nm8ED,Joey Bada$$ / Pro Era Instrumentals,Joey Bada$$,2013-11-12
4Y05rEclWNlQLKD08SsJLC,Summer Knights,Joey Bada$$,2013-10-29
5ra51AaWF3iVebyhlZ1aqq,1999,Joey Bada$$,2012-06-12
5ilsl5R2lGACTnPZMKIp7o,All My Heroes Are Cornballs,JPEGMAFIA,2019-09-13
51WLEfPEEkzAWurvuY6Gco,Veteran,JPEGMAFIA,2018-08-22
5ZvLqwEbYbLFlAbmOElRNJ,Black Ben Carson,JPEGMAFIA,2016-02-15
0FgZKfoU2Br5sHOfvZKTI9,JESUS IS KING,Kanye West,2019-10-25
6pwuKxMUkNg673KETsXPUV,KIDS SEE GHOSTS,Kanye West,2018-06-08
2Ek1q2haOnxVqhvVKqMvJe,ye,Kanye West,2018-06-01
7gsWAHLeT0w7es6FofOXk1,The Life Of Pablo,Kanye West,2016-06-10
7D2NdGvBHIavgLhmcwhluK,Yeezus,Kanye West,2013-01-01
0A3g19AGFd9Qe3rAIkP8e0,Kanye West Presents Good Music Cruel Summer,Kanye West,2012-01-01
2P2Xwvh2xWXIZ1OWY9S9o5,Watch The Throne (Deluxe),Kanye West,2011-08-08
0OcMap99vLEeGkBCfCwRwS,Watch The Throne,Kanye West,2011-08-08
20r762YmB5HeofjMCiPMLv,My Beautiful Dark Twisted Fantasy,Kanye West,2010-01-01
3WFTGIO6E3Xh4paEOBY9OU,808s & Heartbreak,Kanye West,2008-01-01
5fPglEDz9YEwRgbLRvhCZy,Graduation,Kanye West,2007-09-11
5ll74bqtkcXlKE7wwkMq4g,Late Registration,Kanye West,2005-09-30
3pLdWdkj83EYfDN6H2N8MR,Black Panther The Album Music From And Inspired By,Kendrick Lamar,2018-02-09
4alcGHjstaALJHHiljfy3H,DAMN. COLLECTORS EDITION.,Kendrick Lamar,2017-12-08
4eLPsYPBmXABThSJ821sqY,DAMN.,Kendrick Lamar,2017-04-14
0kL3TYRsSXnu0iJvFO3rud,untitled unmastered.,Kendrick Lamar,2016-03-04
7ycBtnsMtyVbbwTfJwRjSP,To Pimp A Butterfly,Kendrick Lamar,2015-03-16
1DqhWr73Fh5yoNzKLas0G3,"good kid, m.A.A.d city (Deluxe)",Kendrick Lamar,2012-01-01
6PBZN8cbwkqm1ERj2BGXJ1,"good kid, m.A.A.d city",Kendrick Lamar,2012
1bkN9nIkkCnXeG4yitVS1J,Section.80,Kendrick Lamar,2011-07-02
7MoLQ8vckhwBbQqEYQTYQC,Overly Dedicated,Kendrick Lamar,2010-09-14
5bCk3kWAy2JbbTfHqzZCII,"Passion, Pain & Demon Slayin'",Kid Cudi,2016-12-16
6e8pwYKSF9iZjpPep1DVzx,Speedin' Bullet 2 Heaven,Kid Cudi,2015-12-04
7qrXPKTQeYWTp42aJqa9s6,KiD CuDi presents SATELLITE FLIGHT: The journey to Mother Moon,Kid Cudi,2014-01-01
262o5a05pMUDSV2uzo5EwQ,Indicud,Kid Cudi,2013-01-01
08eM9GRdr5BCCHNqS3Wwud,Man On The Moon II: The Legend Of Mr. Rager,Kid Cudi,2010-01-01
47y3PbX8oIDCkYAFylCJz0,Man On The Moon: The End Of Day,Kid Cudi,2009-01-01
2S8AWAM0nxyFy66YnUfIs3,Man On The Moon: The End Of Day (Deluxe),Kid Cudi,2009-01-01
6FtqZFgeAT84TJDpN2qbGk,Killer Mike Chronicles,Killer Mike,2015-03-31
1gvkFTPF1rKpNnbfzitx5T,R.A.P. Music [Instrumentals],Killer Mike,2012-09-18
5EAhUoAz1G3WTvIfGZvmrh,R.A.P. Music,Killer Mike,2012-05-15
26BmsM9kCoN20PS3R9VFPH,BANGx3,Killer Mike,2011-11-29
6hWhW0rklsh8f9J0OiTls6,Underground Atlanta,Killer Mike,2009
1t6Ip5Meiu0qTSQJPCc6MZ,I Pledge Allegiance to the Grind II,Killer Mike,2008-07-08
105DKMawvJxl1imfGlmtiD,The Killer,Killer Mike,2005
3zGtADK8O9cFL3x6B2yvsB,Harverd Dropout,Lil Pump,2019-02-22
2VVvm4zJlUQm9XmBCvGN6z,Lil Pump,Lil Pump,2017-10-06
5zHx5hj3bxfcN9f9VIdGaN,Songs That People Emailed Me About Asking Why I Hadn't Put Them on Streaming Platforms,Lil Ugly Mane,2019-09-11
6mueTLPXfvXjl61ymHHwY8,Oblivion Access,Lil Ugly Mane,2015-12-18
6VNXIYzXocTyZMNDLG88Gb,Mista Thug Isolation,Lil Ugly Mane,2012-02-11
6jTdFctvoG5GkE619VgIy4,Playaz Circle,Lil Ugly Mane,2011-02-01
0zicd2mBV8HTzSubByj4vP,Luv Is Rage 2 (Deluxe),Lil Uzi Vert,2017-11-17
733e1ZfktLSwj96X5rsMeE,Luv Is Rage 2,Lil Uzi Vert,2017-08-25
6LX75kNicFqjjiAOeZgN67,The Perfect LUV Tape,Lil Uzi Vert,2016-08-10
7mgdTKTCdfnLoa1HXHvLYM,Lil Uzi Vert vs. The World,Lil Uzi Vert,2016-05-27
5WrbKW1nRN4vSsu70uizxX,Luv Is Rage,Lil Uzi Vert,2015-12-18
50yFYgKdwJANZ5O9MIbMkg,Tha Carter V,Lil Wayne,2018-09-28
2EZ3h6cM5eC65qSHCghdIZ,I Am Not A Human Being II,Lil Wayne,2013-03-22
6Pqlfg42Sc3ElNuyt5NUiK,I Am Not A Human Being II (Deluxe),Lil Wayne,2013-01-01
1uuSC0RCJB3dSp8Mb6GflZ,Tha Carter IV (Deluxe),Lil Wayne,2011-01-01
1MGEMBqM3v8OUM2glv7MSx,Tha Carter IV,Lil Wayne,2011-01-01
3seLEYrsszham3IxskYwt7,Tear Drop Tune Part 3,Lil Wayne,2010-02-28
5vfnsOgLqsgmEb3vGyc2FO,I Am Not A Human Being,Lil Wayne,2010-01-01
4qplno3lbet8WvuTGdDG3T,Nuthin' 2 Prove,Lil Yachty,2018-10-19
4nHOF3neSo6Y7OG5OAflkC,Lil Boat 2,Lil Yachty,2018-03-09
6upTR3RFKR7K20OnHRXDkL,Teenage Emotions,Lil Yachty,2017-05-26
1Ea4UfFW7K1UzbjkDVaPri,Summer Songs 2,Lil Yachty,2016-07-29
4bJqW1SBOvsfcEzZwsjdjx,Lil Boat,Lil Yachty,2016-07-05
2liBYuCYfW37CmNkub2BaH,DROGAS WAVE,Lupe Fiasco,2018-09-21
2utMSPHiSIHEg2vb9awgDi,DROGAS Light,Lupe Fiasco,2017-02-10
7F58zK8t8whSFjX5X09d28,Tetsuo & Youth,Lupe Fiasco,2015-01-20
5rCCCernTo6IwFwEZM4H53,Food & Liquor II: The Great American Rap Album Pt. 1,Lupe Fiasco,2012-09-25
4Um8wMKUXteqtUlFelOHrg,Lasers,Lupe Fiasco,2011-03-07
0MihD70HInk2rDaChdAdEy,Lupe Fiasco's The Cool,Lupe Fiasco,2007-01-01
05gKNAgBzLOGmTNVsGtP6p,Lupe Fiasco's Food & Liquor (5th Anniversary Edition; Deluxe Edition),Lupe Fiasco,2006-06-27
0TDJRkEr2SrhWTetdkEzED,Lupe Fiasco's Food & Liquor,Lupe Fiasco,2006-06-27
5sY6UIQ32GqwMLAfSNEaXb,Circles,Mac Miller,2020-01-17
5wtE5aLX5r7jOosmPhJhhk,Swimming,Mac Miller,2018-08-03
6f6tko6NWoH00cyFOl4VYQ,The Divine Feminine,Mac Miller,2016-09-16
13fsGE9UN5VaAkETSs94un,Best Day Ever (5th Anniversary Remastered Edition),Mac Miller,2016-06-03
2Tyx5dLhHYkx6zeAdVaTzN,GO:OD AM,Mac Miller,2015-09-18
0oPKygNJATeXkPWre0R0Nr,Live From Space,Mac Miller,2013-12-17
3T02fCxAjApu18taJLLbyN,Watching Movies with the Sound Off (Deluxe Edition),Mac Miller,2013-06-18
3ZNMAkjR6M4T0r6Of6jC08,Watching Movies with the Sound Off,Mac Miller,2013-06-18
7nVdkG4gZZxB1I1RLN27fJ,Macadelic (Remastered Edition),Mac Miller,2012-03-23
34Vqb2m74NU6Pb682ymHic,Blue Slide Park (Commentary Version),Mac Miller,2011-11-15
6VhDYmsjHqRxKXd0z7hmXI,Blue Slide Park,Mac Miller,2011-11-15
16Wn60d87WBlf0Tu8Sqnck,Blue Slide Park (Edited Version),Mac Miller,2011-11-15
3giQKi73ayOnj7jxGevJwg,Madvillainy 2: The Madlib Remix,Madvillain,2008-09-30
39qfFzn2Cii6N0AdAXdg9p,Four Tet Remixes,Madvillain,2005
01FCoGEQ3NFWF4fHJzdiax,Madvillainy,Madvillain,2004-03-24
6UYZEYjpN1DYRW0kqFy9ZE,Championships,Meek Mill,2018-11-30
2OWLbSd0bRFLw2M0KlgrgJ,Wins & Losses (Deluxe Edition),Meek Mill,2017-08-04
2SCQAZZ5pc90l9SPBsWCIQ,Wins & Losses,Meek Mill,2017-07-21
6sNbRwX0lZREkdmUSDsVzo,DC4,Meek Mill,2016-10-28
31ZNLGjARu4skCvhGc1bfA,First Come First Serve,Meek Mill,2015-09-02
2O3OKOYCub892PUGprsaQo,Dreams Worth More Than Money,Meek Mill,2015-06-29
3CjBOwf3HzW7fWxUGCU8NQ,Unreleased Killadelphia Muzik,Meek Mill,2014-10-27
5k21b6J72f19J3NmPXgPUu,Dreamchasers 3,Meek Mill,2013-09-29
0Ckf7JkYnpD084soz5mftm,Dreams and Nightmares,Meek Mill,2012-10-29
0zhZDmHEtDtok393SbZ3d7,Dreams and Nightmares (Deluxe Version),Meek Mill,2012-10-26
0kpslw9IHk7EsK40BGUbX9,Dreamchasers 2,Meek Mill,2012-05-07
40SFz21xgwvkJn2Ea1z5iH,Dreamchasers,Meek Mill,2011-08-11
6bPpXqJRpjwy0hLyUGtzYc,FATHER OF 4,Offset,2019-02-22
4SnWrk06dIt4ynFRLpNX6e,The Circus,Mick Jenkins,2020-01-10
2oenkFNS8GLDubNAn2gxQH,Pieces of a Man,Mick Jenkins,2018-10-26
1355FmCtrXQa0VeMd3eMzT,The Healing Component,Mick Jenkins,2016-09-23
302R4KlFy873Aq7YJNPHWr,Wave[s],Mick Jenkins,2015-08-21
5170B9wvcKvzWRWmTp5lCV,The Water (S),Mick Jenkins,2014-08-12
7fd7SEK25VS3gJAUgSwL6y,Culture II,Migos,2018-01-26
2AvupjUeMnSffKEV05x222,Culture,Migos,2017-01-27
7Hd1Gqx8xFRAnQOLHAZxn3,YRN 2 (Young Rich Niggas 2),Migos,2016-10-14
7qLM7egb40QyDHa3CknQqs,Rich Shooters,Migos,2015-11-01
4R8gIy454OjbyRspuPu5A7,Currency,Migos,2015-09-02
0sv4nM5FtA8Y3DrvG4CXH8,Yung Rich Nation,Migos,2015-07-31
6r9ryZTveNqFVOmoN0LEum,The Green Album,Migos,2015-06-09
0ty5iwaiepWlGq8g0DKtEy,Rich Ni**a Timeline,Migos,2014-11-05
56PJDByaunMWwCqs5rV3Nc,No Label II,Migos,2014-06-03
7J6fSYFHb5Kgouc4Nr8SZg,No Label,Migos,2013-07-30
70HXQp5RAjM37JHBuvL8Dg,Juug Season,Migos,2013-07-30
4YmTZjHk8SmTFTiVMXBN1A,Young Rich N*ggas,Migos,2013-07-09
74jYy3DtyTfSVyxQUcsTFF,Blood Money,Mobb Deep,2006-05-02
7j358KRnAMmabpFQoymvCp,Amerikaz Nightmare,Mobb Deep,2004-08-10
6UDhYUew9ULQVtt4HWNRSL,Free Agents,Mobb Deep,2003
2hSnMHuLYfpp8hvdpZRjAk,Infamy,Mobb Deep,2001-12-11
5o6X1oSGpIcD8czW7X3GPG,Infamy (Clean Version),Mobb Deep,2001-12-11
25NNQGZBd9oLAO1xTeq5oQ,Murda Muzik,Mobb Deep,1999-04-27
6BWf3fxsgSDhES4Cm4oyy5,Hell On Earth (Explicit),Mobb Deep,1996-11-19
1cCAb1vN8uUsdfEylVmTLs,The Infamous,Mobb Deep,1995-04-25
2Y8JEb0HiAioGra55OwKhE,Juvenile Hell,Mobb Deep,1993-01-01
4Rg0nvUI2jt96TNHtpmmpv,TRUE MAGIC,Mos Def,2006-12-29
6W05fmxrjjEy6BflrPbzej,The New Danger,Mos Def,2004-10-19
1fB3SvkZpfDjSqyLcRT75V,Mos Def - Live at Benaroya Hall,Mos Def,2004-01-01
5gK2l2LgWY0BA4p9uy27z6,Black On Both Sides,Mos Def,1999-10-12
3OSID3YChn6nOjfUAlSXQZ,Efil4zaggin,N.W.A.,1991-05-28
0Y7qkJVZ06tS2GUCDptzyW,Straight Outta Compton,N.W.A.,1988-08-08
3mpA4v2tvEM5aAYtNGnbzD,Room 25,Noname,2018-09-14
18Scpsg5OV1iYNtSaCsjwz,Telefone,Noname,2016-08-12
4oT4YRVe43ESrT9rx2LKCM,Luv(sic) Hexalogy,Nujabes,2015-12-09
724juUMeWRW82bDoyH91Vd,Spiritual State,Nujabes,2011-12-03
6nVACH6a27eOWiumAJhDWS,Modal Soul,Nujabes,2005-11-11
5FrjDW96mCYw9ECc74c637,Metaphorical Music,Nujabes,2003-08-21
7dAm8ShwJLFm9SaJ6Yc58O,Die Lit,Playboi Carti,2018-05-11
4rJgzzfFHAVFhCSt2P4I3j,Playboi Carti,Playboi Carti,2017-04-14
4g1ZRSobMefqF6nelkgibi,Hollywood's Bleeding,Post Malone,2019-09-06
6trNtQUgC8cgbWcqoMYkOR,beerbongs & bentleys,Post Malone,2018-04-27
5s0rmjP8XOPhP6HhqOhuyC,Stoney (Deluxe),Post Malone,2016-12-09
07bIdDDe3I3hhWpxU6tuBp,DAYTONA,Pusha T,2018-05-25
4OoNqHBpbgDoqtN3u1IdiC,King Push – Darkest Before Dawn: The Prelude,Pusha T,2015-12-18
7e51fH5KpL87BCIVO068fh,Spotify Sessions,Pusha T,2014-06-10
0LgwP5HQ7psvJAY2KSGPMH,My Name Is My Name,Pusha T,2014-01-01
0tS7jye0zKwGF0H4rqFGvz,Fear Of God II: Let Us Pray,Pusha T,2011-11-08
4vLYreWxd2ptOAzPwTyBI3,SR3MM,Rae Sremmurd,2018-05-04
5v6iBhIlflzR9rEd1LAMbd,SremmLife 2 (Deluxe),Rae Sremmurd,2016-08-12
6eDx949ONWDCN0O22wFZf7,SremmLife,Rae Sremmurd,2015-01-06
4kQCM7kzTEivQGquNEzkTl,The Wild,Raekwon,2017-03-24
1DjD44E7NIEiRrhuQbbv01,Fly International Luxurious Art,Raekwon,2015-04-28
1lCxVzi6tCtuVlUDrPwSmO,The Tonite Show,Raekwon,2013-03-05
7y9thaBm7wBPzsvcAWyWbH,Shaolin Vs. Wu-tang,Raekwon,2011-01-01
0EBuHcZx8qwDxB5FqVkc5p,Shaolin Vs. Wu-Tang,Raekwon,2011-01-01
09CMsxWaO8Hald9q5NHkWb,The Babygrande Recordings,Raekwon,2009-09-01
5QpSt1QtT7MaCKZNQE82fv,Only Built 4 Cuban Linx 2,Raekwon,2009-01-01
1WJST5QsA23XFgOVYGLlTt,"The Vatican Mixtape, Vol. 3",Raekwon,2007-09-25
6ZCuEXxjVc3TgQUdZJVHBs,"The Vatican Mixtape, Vol. 1",Raekwon,2007-02-27
4i7N6dwHDmHtrJsWAjRYMc,Heroin Only,Raekwon,2006-11-10
1kMki3taQHmpptDNDDVSq4,The Lex Diamond Story,Raekwon,2003-01-01
41gZK0HtvO5zaOwJlT2Sed,Immobilarity,Raekwon,1999-11-16
6XFQ3XY1IKWuzzmaJips0M,Sorry 4 Tha Wait,Rich Gang,2019-12-19
1JgT6mYzPEFvsbZWjqmgCJ,Slatt University,Rich Gang,2019-11-02
7Dg45in5QAfGluUc1x874g,Slimewop 3,Rich Gang,2019-08-22
5R9wir5X8dVr7B6NC9dXD8,!,Rich Gang,2019-07-26
2VKPqV9eORha9ke4vOL9WI,Rokkstar Status,Rich Gang,2019-06-19
5fNDsY6brqufpsJwH9hx9L,SlimeWop 2,Rich Gang,2019-06-12
6tjdS0dSOwlOmaiz0q68Ov,SlimeWop,Rich Gang,2019-05-17
2PYJg7uykLolWPJhqqDe9o,Rich $lime,Rich Gang,2019-05-02
2uhiqri87eC7Xe0tg9p7fB,Rich Gang (Deluxe Version),Rich Gang,2013-01-01
4vKcewiCloFlttCdZKHcPb,Rich Gang,Rich Gang,2013-01-01
3v2GjFB9V5kHgrOCXn3sI9,Run the Jewels 3,Run The Jewels,2016-12-25
2jsjxv51sLt4wDnAixPMIM,Meow The Jewels,Run The Jewels,2015-09-25
2wwA3sIVfwCSQReRnVOvzL,Run The Jewels 2,Run The Jewels,2014-10-27
2ZyrfJY5s31jPFFxKrgKK1,Run the Jewels Instrumentals,Run The Jewels,2014-04-25
5okrDWqn2b0dX1VBpaZRxQ,Run The Jewels (Deluxe European Edition),Run The Jewels,2014-01-13
7BUlAwJBzKyllRuDTKV8Ae,Run the Jewels,Run The Jewels,2013-06-26
3UTp6spxkyTdvsmJDPfb7n,CrasH Talk,ScHoolboy Q,2019-04-26
0YbpATCIng8Fz2JrfHmEf7,Blank Face LP,ScHoolboy Q,2016-07-08
7Et3bSTLLqdABO1qCxUplS,Oxymoron (Deluxe),ScHoolboy Q,2014-01-01
3WrybrSHu1vSZaQegAZTyn,Oxymoron,ScHoolboy Q,2014-01-01
6Xz8eKy8TeAyzwGr8QSOAS,Habits & Contradictions,ScHoolboy Q,2012-01-14
5QGtxFOTTr0Z4TyUQNVOKO,Setbacks,ScHoolboy Q,2011-01-11
0a8d4BfLP3XEiuZZTWxxEQ,I Wanna Thank Me,Snoop Dogg,2019-08-16
4zeITicw3oKpOV5EMQIUQH,Snoop Dogg Presents Bible of Love,Snoop Dogg,2018-03-16
7JH7jIpL9JwnBEpYAtyi2f,220,Snoop Dogg,2018-02-20
6MRg8FgwKDNmNO0D9neSmo,Make America Crip Again,Snoop Dogg,2017-10-27
4HGpekiabmZyat5xw23uZB,Neva Left,Snoop Dogg,2017-05-19
0TDrWBqGYPnJEd3DZpNnIx,COOLAID,Snoop Dogg,2016-07-01
5Rd4xjjrhHvLVSFDAMi1nr,COOLAID (Clean Edited Version),Snoop Dogg,2016-07-01
3uymcMheLvldkL7e7EUXz3,Cuzznz,Snoop Dogg,2016-01-15
3UesepjW7Scwi8DV62Qqyn,BUSH,Snoop Dogg,2015-05-06
6YxjD9sRNGNOGGXuFzI5pF,7 Days Instrumentals,Snoop Dogg,2014-03-04
53a8bJTrR57zOjTlOOm1Hl,7 Days of Funk,Snoop Dogg,2013-12-10
12pnVAswzLE6hArSl0bF0h,Mac and Devin Go To High School (Music From and Inspired By The Movie),Snoop Dogg,2011-12-12
4x53rdOiC4Zkb3bbqw9FyM,Doggumentary,Snoop Dogg,2011-01-01
76290XdXVF9rPzGdNRWdCh,Ctrl,SZA,2017-06-09
2qCyMMQ785sPH4Yx25GQZ8,Z,SZA,2014-04-08
5MDmKDe9kmJBsf8yYn8dUM,Born 2 Rap,The Game,2019-11-29
0oYPYkxc18YCwJR7OKnPdC,1992,The Game,2016-10-14
51pWPRmyRyrh4GDwUjWmkM,1992 (Bonus Track Edition) [Clean],The Game,2016-10-14
3EPhRFp9fJqsZwyQ6CfpND,Block Wars,The Game,2016-07-29
74XwFTMduK9sd5TdIZ2Tae,Streets Of Compton,The Game,2016-06-17
4SXicgoFSX9TEtxJ2EJHi7,The Documentary 2 + 2.5 (Collector's Edition),The Game,2016-01-22
4bgRhU3yyBJxuYz61FKsNa,The Documentary 2.5,The Game,2015-10-16
4CPMuMFHgMhjlx5ZIzypFL,The Documentary 2,The Game,2015-10-09
3Ezv8bXs9vS908aaKdWrQ3,The King & I,The Notorious B.I.G.,2017-05-19
0nyTuDV4qohpivHna2kKF8,Duets: The Final Chapter,The Notorious B.I.G.,2005-12-13
7zg9ZSOQtYLjWnvSawflg6,Born Again,The Notorious B.I.G.,1999
7dRdaGSxgcBdJnrOviQRuB,Life After Death (2014 Remastered Edition),The Notorious B.I.G.,1997-03-04
6uMVAiciTpTyrQn5QJDPJM,Life After Death (2014 Remaster),The Notorious B.I.G.,1997-03-04
2HTbQ0RHwukKVXAlTmCZP2,Ready to Die (The Remaster),The Notorious B.I.G.,1994-09-13
2ymwUMeW3BySLhKNp8UQZ3,Ready to Die (The Remaster; 2015 Remaster),The Notorious B.I.G.,1994-09-13
4qZBW3f2Q8y0k1A84d4iAO,"My Dear Melancholy,",The Weeknd,2018-03-30
2ODvWsOgouMbaA5xf0RkJe,Starboy,The Weeknd,2016-11-25
0P3oVJBFOv3TDXlYRhGL7s,Beauty Behind The Madness,The Weeknd,2015-08-28
522VpsDblCDf3rMSnDU4tZ,Kiss Land,The Weeknd,2013-09-09
4NQNWfXDGo6MPCscpwuTgz,Trilogy,The Weeknd,2013-01-01
1Sf8GsXG32t0jNrX11xqWx,JACKBOYS,Travis Scott,2019-12-27
41GuZcammIkupMPKH2OJ6I,ASTROWORLD,Travis Scott,2018-08-03
6FED8aeieEnUWwQqAO9zT1,"Huncho Jack, Jack Huncho",Travis Scott,2017-12-21
42WVQWuf1teDysXiOupIZt,Birds In The Trap Sing McKnight,Travis Scott,2016-09-16
4PWBTB6NYSKQwfo79I3prg,Rodeo (Expanded Edition),Travis Scott,2015-09-04
5zi7WsKlIiUXv09tbGLKsE,IGOR,"Tyler, The Creator",2019-05-17
2nkto6YNI4rUYTLqEwWJ3o,Flower Boy,"Tyler, The Creator",2017-07-21
621OhgnZJ7Pz8iUazct1In,Cherry Bomb,"Tyler, The Creator",2015-04-13
5V3Chnpno9oTI7JSPXKUf3,Cherry Bomb + Instrumentals,"Tyler, The Creator",2015-04-13
40QTqOBBxCEIQlLNdSjFQB,Wolf,"Tyler, The Creator",2013-04-01
40ucxnGO51wcTGNI6xge6z,Goblin (Deluxe Edition),"Tyler, The Creator",2011-05-10
7tjZ51DOxwxIcnY20ThkaV,Goblin,"Tyler, The Creator",2011-05-10
6SRxt5KPZbpJ4dB8ssYvQ0,Banned (Slowed & Chopped by DJ Red),UGK,2018-11-23
791Vf45uel4npVmy9jCjpE,The Southern Way,UGK,2018-06-30
3615jyGdFlOI0uLCBnzWXA,The Bigtyme Way (1992-1997) [Slow’d & Tap’t],UGK,2016-11-29
52D2v3pzp70PRdjH2HDKO0,The Bigtyme Way 1992-1997 (Bonus Edition),UGK,2015-04-07
2DFK9pm59cvDaFWKgJVUtk,UGK 4 Life,UGK,2009-03-26
4GXlMz68LyGZeHzJcetFi1,UGK (Underground Kingz),UGK,2007-08-07
04F8RvzrP94IgFnim6jOom,Jive Records Presents: UGK - Chopped & Screwed,UGK,2004-12-03
6Q7TCZ31DUdPr4wOYi8lPG,Best of UGK,UGK,2003-06-12
2GVOVA37Vzl1vgsPRBA6Nj,The Southern Way (Mixed By Big Chance),UGK,2003
7jlzVc3FDwo8JD3xF6ww9S,Side Hustles,UGK,2002-09-23
1HWeoKv9Pi7Mkw3oQA7Yud,Dirty Money,UGK,2001-11-11
4jTPQq9PSlKMOm1yLx2ATN,Ridin' Dirty,UGK,1996-07-30
4rjGyhPnaKV5hfwFNiHtQA,Super Tight,UGK,1994-08-30
4HzHd0EcjdHYKDi5NbS5xU,Too Hard To Swallow,UGK,1992-09-11
1XGGeqLZxjOMdCJhmamIn8,FM!,Vince Staples,2018-11-02
5h3WJG0aZjNOrayFu3MhCS,Big Fish Theory,Vince Staples,2017-06-23
2haR5qnQopCdVASZ92YTGn,Prima Donna,Vince Staples,2016-08-25
4Csoz10NhNJOrCTUoPBdUD,Summertime '06,Vince Staples,2015-06-30
7mxpMxmMM8RN39YRlo08v7,Hell Can Wait,Vince Staples,2014-09-23
2xnuEN4FUvEJ7au1j82Y1L,Of Mics And Men (Music From The Showtime Documentary Series),Wu-Tang Clan,2019-05-17
3g8KDFecnLPa6YiBdHTl8K,The Saga Continues,Wu-Tang Clan,2017-10-13
1XiCmEinrmarN4R6F9saUf,A Better Tomorrow,Wu-Tang Clan,2014-12-01
1rsA8ofEIHtvfR1FTwt0xj,Soundtracks from the Shaolin Temple,Wu-Tang Clan,2013-05-14
0BZ96QoCk1mZa1VdyzRiX4,Legendary Weapons,Wu-Tang Clan,2011-07-26
5obiyJomz6ypITdwLIdNkv,"Wu-Tang Meets the Indie Culture, Vol. 2 - Enter the Dubstep (Instrumentals)",Wu-Tang Clan,2010
762XfNqBx6GV8IseS2zSuq,Wu-Tang Meets the Indie Culture Vol. 2: Enter the Dubstep,Wu-Tang Clan,2009-11-10
7GvdgeSyGWQ8x7RrchZkU3,Wu-Tang Meets The Indie Culture Instrumentals,Wu-Tang Clan,2009-04-14
7E41BxBIjPfESE4i75oDVR,Live At Montreux 2007,Wu-Tang Clan,2008-09-22
14u4xxov9oj509A7sGPJdH,8 Diagrams,Wu-Tang Clan,2007-12-11
71i2DEJp6T0ywlT62T3gLv,Wu-Tang Meets The Indie Culture,Wu-Tang Clan,2005-10-18
1QzsV8brEcEwOe7jcMUz13,Disciples of the 36 Chambers: Chapter 1 (Live) [2019 - Remaster],Wu-Tang Clan,2004-03-12
1gKAuYWacmDF9bpHlLBLcX,Wu-Tang Iron Flag,Wu-Tang Clan,2001-12-18
5zuM1EG06X1J7VsIF1omRm,4REAL 4REAL,YG,2019-05-24
5IYvKd22yQkJRfoIStesbX,STAY DANGEROUS,YG,2018-08-03
4VqdntbxmB7r1At6sPKRnb,Red Friday,YG,2016-11-25
4nwd6ernojhNIIRifDJoRz,Still Brazy (Deluxe),YG,2016-06-17
023jioejd2M0SHsBo3tXrP,California Livin,YG,2015-10-09
3ldsrFbLgrIJ00byb2tncW,Blame It On The Streets,YG,2014-11-24
60QP93G98tBVQnB6qWROtY,My Krazy Life (Deluxe Edition),YG,2014-03-18
10jogO732o8oGvsjVpWRmO,My Krazy Life (Deluxe),YG,2014-01-01
51o7e7jwDTbX8r43zbjieM,My Krazy Life,YG,2014-01-01
6LYs6vCaIZd3kemw1JDGti,Just Re'd up 2,YG,2013-01-02
4T2mQ3Ou4VOt2257bYYAZy,Just Re'd Up,YG,2011-05-11
24jAbLMFzCTlIv3kQ94HwK,So Much Fun (Deluxe),Young Thug,2019-12-20
1bnHPO4dKK7IjvgrtVBcQh,So Much Fun,Young Thug,2019-08-16
4OHfmMUq6xwCo8zfQuc9Rf,Slime Language,Young Thug,2018-08-17
5Dwws0oO0fQLDsrwZE7rvW,Slime Season 4,Young Thug,2017-12-04
51KZKzPd3OQT1r46a55VTt,Beautiful Thugger Girls,Young Thug,2017-06-16
7EpUpNUkkEGnaCvkcn1j4H,JEFFERY,Young Thug,2016-08-26
2z4c8M8aVzl7CTobIp36KF,Slime Season 3,Young Thug,2016-03-25
4sAB9WulPpnAcig7alDGTg,I'm Up,Young Thug,2016-02-05
3etiSiRWBRUkJ4vMW2s3DK,1017 Thug,Young Thug,2015-12-11
0ZTiZtSpSm5Px4sVZQa0WR,Young Thugger Mane La Flare,Young Thug,2015-12-11
5yu0WHG7kYQuFA7GdOQL9Y,The Purple Album,Young Thug,2015-06-09
0BsMZIueWsJLWng8A7sE8e,Barter 6,Young Thug,2015-04-16
7a3rhn1csJY4CbdqcQsMcy,Brick Sqaud,Young Thug,2014-11-18
4N0QH3uy5K5T3fMtpLIpKq,1017 Thug 3 The Finale,Young Thug,2014-08-29
56hYCG1iltKiEgSPOeRRYd,Young Thugga Mane La Flare,Young Thug,2014-04-24
4k4w4MLXdY084qrbMGy9Sg,I Came from Nothing 2,Young Thug,2011-12-20
