album_uri,album_name,artist,release_date,album_type,remove,notes,index_to_split,groups_to_split
1oDkUnjCBAHsaQtr0J0s3t,Let the Trap Say Amen,"Lecrae, Zaytoven",6/22/18,album,0,NA,3386,6
6a81JkUnvosxgBX957FpAe,2nd fiddle,Leikeli47,8/15/17,album,0,NA,3387,6
69GP3by8YMB8yz0pG03DWl,Acrylic,Leikeli47,11/15/18,album,0,NA,3388,6
3Mpg76jeyTRJT5tz6REJ0R,Attitude,Leikeli47,7/21/17,album,0,NA,3389,6
5eakmiRkUfxxyBUipBSp7h,C&C,Leikeli47,10/6/16,album,0,NA,3390,6
1ywx6RrfpFGC3T6janxUpZ,Leikeli47,Leikeli47,4/17/15,album,0,NA,3391,6
1LelkviWxCGzKEdGTdDgGo,Miss Me,Leikeli47,7/7/17,album,0,NA,3392,6
2RpR1PdoMGXgt7n9k3lsV5,Money,Leikeli47,8/26/16,album,0,NA,3393,6
5E2tQGaNnJqYj41dldbg0y,Mulita,Leikeli47,9/14/18,album,0,NA,3394,6
2DoXyOBm3iloTNefEJS3kx,O.M.C.,Leikeli47,8/4/17,album,0,NA,3395,6
1VAZdFNZ1t5BYugJ3NfaZh,Wash & Set,Leikeli47,9/8/17,album,0,NA,3396,6
3BexfS4zehgJX3LSrAx4wb,Who's That,Leikeli47,9/1/17,album,0,NA,3397,6
5C3o0lN9q3SL5aR4b6Wf3M,Dude,"Lethal Bizzle, Stormzy",10/30/15,album,0,NA,3398,6
5G1iAACrVwK9cjrioFotQI,Homegirl (feat. Smino & Topaz Jones),Leven Kali,12/11/19,album,0,NA,3399,6
5JWnguoJ3sh94rX6jg9iM8,I Get High When I Think About Us,Leven Kali,12/7/18,album,0,NA,3400,6
1RBHHwRmrvXGSDtd7CJINl,Joy,Leven Kali,11/15/16,album,0,NA,3401,6
3VDfes8J2lK6qILYtvacON,Leven Kali: Low Tide,Leven Kali,5/10/19,album,0,NA,3402,6
7upHAOBHhe7wNs9Hkfqqy9,Nunwrong With A Lil Good Lovin',Leven Kali,10/5/18,album,0,NA,3403,6
1sPETaUHnBqKz472kidGLj,Yours,Leven Kali,6/16/17,album,0,NA,3404,6
0E2lIQu8U04Q9QwmDl2NtB,Fish Scale,Lihtz,6/20/16,album,0,NA,3405,6
0mVi3Wz1njBNWmT54BziQu,The Switch Up,Lihtz,12/21/16,album,0,NA,3406,6
7yf9ZJyHRbp8sHtpDKfPpt,Harder Than Ever,Lil Baby,5/18/18,album,0,NA,3407,6
2zXJkApMEHfHuZxs6Z1pfA,Harder Than Hard,Lil Baby,8/25/17,album,0,NA,3408,6
4iF44RCCybJtkBkMoqrLW2,Street Gossip,Lil Baby,11/30/18,album,0,NA,3409,6
7KPtAktRGrVjy0QV3MXnZk,Sum 2 Prove,Lil Baby,1/10/20,album,0,NA,3410,6
2QTqjj7bLFhTsXKUJYx9sx,Toast Up,Lil Baby,11/7/19,album,0,NA,3411,6
750APP0eKVlcgOxaZnBnVt,Too Hard,Lil Baby,12/1/17,album,0,NA,3412,6
393l0NdTr8Rv0hybf4FTxy,Woah,Lil Baby,11/8/19,album,0,NA,3413,6
1LGwG4vhQIOwCBZhyEtL4u,Out The Mud,"Lil Baby, Future",6/21/19,album,0,NA,3414,6
2yXnY2NiaZk9QiJJittS81,Drip Harder,"Lil Baby, Gunna",10/5/18,album,0,NA,3415,6
1ho0cNe552yTcBHXbzfozB,2 The Hard Way,"Lil Baby, Marlo",11/3/17,album,0,NA,3416,6
6k1A4Jf89bu2TsjOVIjuXe,I Go Hard (Remix),"Lil Baby, Yella Beezy, Slap",5/4/18,album,0,NA,3417,6
32ngCyl0nLwp4z5ZQ8AAz6,Blue Devil,Lil Duke,10/3/17,album,0,NA,3418,6
4FuyVyELo1jTjn93mffm7n,Blue Devil 2,Lil Duke,7/12/19,album,0,NA,3419,6
6LIp8gT2oFdVowkKasqVN6,For the Love of Money,Lil Duke,11/17/17,album,0,NA,3420,6
7fY3b53BXCCAgyzyMG70sv,"Hit Hard, Move Silent",Lil Duke,10/3/17,album,0,NA,3421,6
02U7lTwBXPA8F9HBriT3vo,Life in the Hills,Lil Duke,4/20/17,album,0,NA,3422,6
4F20eIut2IWhcuxAvVq8TM,Light My Blunt,Lil Duke,3/23/17,album,0,NA,3423,6
5Hv7ypByOiE9PBOIgVW0Om,Lil Duke,Lil Duke,10/3/17,album,0,NA,3424,6
3jR1YmC4OHEoLsrV9O627d,Petty (feat. Gunna),Lil Duke,3/29/19,album,0,NA,3425,6
0ZJYUkVazmMeiLV3gRdhEq,Reality Checc,Lil Duke,4/10/18,album,0,NA,3426,6
5YfpsHFCuAanGqGowYmfcr,Uber,Lil Duke,10/3/17,album,0,NA,3427,6
7ie3PFj7S9Op2MiqyReDmI,Uberman 2,Lil Duke,11/28/17,album,0,NA,3428,6
7tyEDn6scLKNYlkWmX1ymY,300 Days 300 Nights,Lil Durk,12/15/15,album,0,NA,3429,6
1uK2Ylhdap9LEPWEtDNBRu,Just Cause Y'all Waited,Lil Durk,3/30/18,album,0,NA,3430,6
27mvi1UxuVUFXffk4eqQk2,Life Ain't No Joke,Lil Durk,2/16/17,album,0,NA,3431,6
0V68iflWNZri1Zc8txsLyg,Lil Durk 2X (Deluxe),Lil Durk,7/22/16,album,0,NA,3432,6
2on4MsaadD3GhX1Z9kbZxl,Love Songs 4 The Streets 2,Lil Durk,8/2/19,album,0,NA,3433,6
1HVGubsw61xsQWx0xbMjCb,Love Songs for the Streets,Lil Durk,3/1/17,album,0,NA,3434,6
3quLLvWeivpGuxi3WiGgzg,Remember My Name (Deluxe),Lil Durk,6/2/15,album,0,NA,3435,6
4o663kqmvD7guquI85fbok,Signed to the Streets 2.5,Lil Durk,10/19/17,album,0,NA,3436,6
3EwMFeUkcp36t9IVJ8d54q,Signed To The Streets 3,Lil Durk,11/9/18,album,0,NA,3437,6
7wz6sF4SaieroRm1af7PIA,They Forgot,Lil Durk,2/14/17,album,0,NA,3438,6
71HFkoLVwaoO8eFaf0t7UG,Black Men Don't Cheat (feat. Charlamagne tha God),Lil Duval,6/12/19,album,0,NA,3439,6
6YKWgZ8QbJbdymaEx9Vdfk,Christmas Trees,Lil Duval,12/17/19,album,0,NA,3440,6
1GbnD8NvPrd2uJY8tVafMn,Drop It Off,Lil Duval,1/25/17,album,0,NA,3441,6
49MptN42Ist0z0FlIbhn5F,I Ain't Stressing (feat. Dope Boy Ra & 5 Mics),Lil Duval,9/25/17,album,0,NA,3442,6
7lvtThZUvQgNLy5D1zvXfg,Pull Up (Remix) [feat. 2 Chainz & Ty Dolla $ign],Lil Duval,3/22/19,album,0,NA,3443,6
0XmWWaIZFO3AEiFbNIW9ix,Saks Fifth,Lil Duval,11/27/11,album,0,NA,3444,6
3HCWkv1YtDDr9C7XFn6zlf,Smile (Living My Best Life) [feat. Snoop Dogg & Ball Greezy & Midnight Star],Lil Duval,7/3/18,album,0,NA,3445,6
6J6XokPG4WojqX7KHuCSAa,What Dat Mouf Do (feat. Trae Tha Truth) - Single,Lil Duval,4/1/14,album,0,NA,3446,6
5PjrLvcMDofOZihaao68ia,Nasty,"Lil Duval, Jacquees, Tank",2/13/20,album,0,NA,3447,6
52w6ES71Bx3mSTKjVXoj3U,All I Really Want For Christmas (feat. Kool-Aid Man),Lil Jon,12/14/18,album,0,NA,3448,6
49qpwRDGLfNAkUG9UeGoTV,Crunk Rock (Deluxe),Lil Jon,1/1/10,album,0,NA,3449,6
6kfHIbzPQcllHSMtMemNas,Taco Tuesday,Lil Jon,7/12/19,album,0,NA,3450,6
36CrsFm1lEkxrkN0jbKU4E,Too Short Mixtapes Vol 1: Nation Riders,Lil Jon,8/24/99,album,0,NA,3451,6
3t1KcEIjoOo2W5oA1wAh1N,We Still Crunk!,Lil Jon,8/15/00,album,0,NA,3452,6
0lhpuUd7UVDuHZtiVBOFM3,Ain't No Tellin' (with Mac Dre),"Lil Jon, Mac Dre",6/12/19,album,0,NA,3453,6
3ZwmW6RFyLF2dey4U87js2,Alive (with Offset & 2 Chainz),"Lil Jon, Offset, 2 Chainz",1/26/18,album,0,NA,3454,6
4wotT1ABe6gQcEhCE7GcHj,It's Up Freestyle,Lil Keed,7/17/19,album,0,NA,3455,6
6m0AchDE7CuNfRE7CW48uH,Keed Talk To 'Em,Lil Keed,12/12/18,album,0,NA,3456,6
3JDiBSlLalqzv0GTEDRi8i,Long Live Mexico,Lil Keed,6/14/19,album,0,NA,3457,6
66BviQeZVng0GigsRwDsLq,Move It (feat. Offset),Lil Keed,3/15/19,album,0,NA,3458,6
4EpHrmN82k7id1BgYl6FOS,Oh My God,Lil Keed,4/25/19,album,0,NA,3459,6
184xILdc7yLwbOcUdMxvCv,Trapped On Cleveland 2,Lil Keed,11/9/18,album,0,NA,3460,6
6DxluJla8OZNTsMMQPuZRQ,Wop,Lil Keed,10/26/18,album,0,NA,3461,6
0uskTg4yMzqN1g2TdfmKMt,Swap It Out (feat. Lil Duke),"Lil Keed, Lil Duke",9/25/19,album,0,NA,3462,6
5DqdH9KIcJuIzihuzQAr6X,Accomplishments,"Lil Keed, Lil Yachty, Zaytoven",12/6/19,album,0,NA,3463,6
1gbFSnDucUcY0bFvXe6eHE,Pull Up (feat. Lil Uzi Vert & YNW Melly),"Lil Keed, YNW Melly",5/29/19,album,0,NA,3464,6
2QFtwBnnLKcAnxkYJNpt9T,Fetish Remix (feat. Young Thug),"Lil Keed, Young Thug",9/14/18,album,0,NA,3465,6
0syB91FjG9Sd3GbLScDIkA,Proud Of Me (feat. Young Thug),"Lil Keed, Young Thug",5/5/19,album,0,NA,3466,6
4ES9aBUFETsoraeRlLe034,A.B.A. II (Album Before The Album),Lil Keke,4/24/12,album,0,NA,3467,6
2nJ9jBMQCz3bSVP0WBmJYG,ABA IV,Lil Keke,10/7/16,album,0,NA,3468,6
7Hp7AnP2uxTnXyQnztMg2u,Da Leak,Lil Keke,9/10/12,album,0,NA,3469,6
1NUPIfuWQ1tt7yK858HAjy,Don't Mess wit Texas (20th Anniversary),Lil Keke,8/18/17,album,0,NA,3470,6
6YwHIswREZ9YmLZIHu12ne,Fish Grease,Lil Keke,7/26/11,album,0,NA,3471,6
7nYkDhZca8ERl32hKL5V9G,Heart Of A Hustla,Lil Keke,2012,album,0,NA,3472,6
4Fm0oujn3wTMfxYKxDId2B,Round Table,Lil Keke,9/6/11,album,0,NA,3473,6
2HLBewlPHX6WblTWwXSjCq,Slab World Vol. 1,Lil Keke,9/9/11,album,0,NA,3474,6
1eC0gxWIYqt0JkruOsxvKD,Slfmade,Lil Keke,6/1/16,album,0,NA,3475,6
6si6UWKoAQKi9iuuOXJDNw,Slfmade II,Lil Keke,7/13/18,album,0,NA,3476,6
19Ymdcd1pjqTUzKTP8mAJP,"The Round Table, Vol. 2",Lil Keke,7/2/13,album,0,NA,3477,6
569Xq1KjJD5THR7MKkG3hv,"Top Features, Vol. 2",Lil Keke,1/21/15,album,0,NA,3478,6
5w6jBdrbhYnynfzjp7s0Cw,The Big Unit,"Lil Keke, Slim Thug",8/15/13,album,0,NA,3479,6
6rBennOYWR1OZQnsU39PKL,Blueberry Faygo,Lil Mosey,2/7/20,album,0,NA,3480,6
0y1rJ1B0Q9MqxX9Svuyuyp,Certified Hitmaker,Lil Mosey,11/8/19,album,0,NA,3481,6
4wlXOzNBZQ2AQMoYcQQDVh,K For Christmas,Lil Mosey,12/7/18,album,0,NA,3482,6
6lggWd5q9Rh66OkDE1eNDr,Northsbest (Extended),Lil Mosey,10/19/18,album,0,NA,3483,6
3DoW9KcHndntkq2Xq5Bzm7,4 Gold Chains (feat. Clams Casino),Lil Peep,5/14/18,album,0,NA,3484,6
3WVNHqlSHqNzmcz9pzRtWn,Absolute in Doubt,Lil Peep,6/8/17,album,0,NA,3485,6
7yTL4lZGyGBv8VVT9FNR35,Avoid,Lil Peep,10/13/17,album,0,NA,3486,6
69nnJOr40uKMOFvB1sSKLp,Beamer Boy,Lil Peep,6/8/17,album,0,NA,3487,6
5eucTsmNv0IDXinXmX88We,Benz Truck,Lil Peep,6/9/17,album,0,NA,3488,6
33TJ52PuwenGmysJrwMGCe,"Come Over When You're Sober, Pt. 1",Lil Peep,8/15/17,album,0,NA,3489,6
52JymrguPgkmmwLaWIusst,"Come Over When You're Sober, Pt. 2",Lil Peep,11/9/18,album,0,NA,3490,6
1r1Xt6oUnY3VMYbQb1U7CO,EVERYBODY'S EVERYTHING,Lil Peep,11/15/19,album,0,NA,3491,6
5pCeiX9Lt49piaapX5l8RH,Girls,Lil Peep,6/8/17,album,0,NA,3492,6
2MjV1lZHkrNuPiyOOwJBTf,GOTH ANGEL SINNER,Lil Peep,10/31/19,album,0,NA,3493,6
7x2DtmX7i1KTiZ5v0rUoeH,Gym Class,Lil Peep,4/11/19,album,0,NA,3494,6
5fAaY4BwcPHRSg3TEcAFg4,Honestly,Lil Peep,6/8/17,album,0,NA,3495,6
0l6H93Pb31M3f5O1Q2bTGQ,Kiss,Lil Peep,6/8/17,album,0,NA,3496,6
1dEpGPZONvmwYlE2jDOWOM,Star Shopping,Lil Peep,4/19/19,album,0,NA,3497,6
4xcgjkQf5AU0mNcXZ3wXjb,The Brightside,Lil Peep,7/28/17,album,0,NA,3498,6
4BQUTZlR3OMrBorJo1ahoY,I've Been Waiting (w/ ILoveMakonnen & Fall Out Boy),"Lil Peep, ILOVEMAKONNEN, Fall Out Boy",1/31/19,album,0,NA,3499,6
31ytJD8mpNnjpZ0XhBWJf3,White Wine,"Lil Peep, Lil Tracy",6/8/17,album,0,NA,3500,6
53OzYwSgFnw45FrJ8qr6ix,Falling Down (Travis Barker Remix),"Lil Peep, XXXTENTACION",7/11/19,album,0,NA,3501,6
3ohU7IZ0HmrTQd90Xqt3TH,Pose To Do (feat. French Montana and Quavo),"Lil Pump, French Montana, Quavo",7/19/19,album,0,NA,3502,6
400oiUdBkVoD3N1odpkaCL,300 DegreZz,Lil Reese,1/8/16,album,0,NA,3503,6
1hHqlpxbxJM2e0hy9Or6vJ,Better Days,Lil Reese,2/3/17,album,0,NA,3504,6
5BqmnEw4gOggolD9XdxAhJ,Come Outside,Lil Reese,12/13/19,album,0,NA,3505,6
2w55SngroeeJAA7yMEQhZW,GetBackGang,Lil Reese,5/4/18,album,0,NA,3506,6
1iQVhgRNNxJNCkh4U58WzP,GetBackGang 2,Lil Reese,7/26/19,album,0,NA,3507,6
5VtcFfQgZbkd5Yr60wXkxL,Normal Backwrds,Lil Reese,10/19/18,album,0,NA,3508,6
6VflvpxJJic7ZaEDPjI6pR,Ready 4 Real,Lil Reese,4/18/18,album,0,NA,3509,6
7m76jpmUo8PEfubnWno6Yj,Supa Savage,Lil Reese,6/30/15,album,0,NA,3510,6
3oGsezPxX0wb2woaJAjd8j,Supa Savage 2,Lil Reese,6/30/15,album,0,NA,3511,6
1WxMqFDNP5fSkY6l0U7ugZ,The Savagery,Lil Reese,6/9/17,album,0,NA,3512,6
4ZQJiDc9WKngEjpImEtwKC,What It Do,Lil Reese,3/1/19,album,0,NA,3513,6
6hHyvCNx7AzByLJ7oz7Ku2,Stop That (Blackburner Remix),"Lil Reese, Blackburner",12/26/19,album,0,NA,3514,6
3pdW7R9HvpOwSAm9lAeIOZ,Bred 2 Die Born 2 Live (Explicit Version),Lil Scrappy,2006,album,0,NA,3515,6
08EwzqoQQ0THI69fVssQFT,Confident,Lil Scrappy,6/8/18,album,0,NA,3516,6
3cRm1ZND1GHPKTFT32Ve21,"Dat's Her, She Bad",Lil Scrappy,10/25/10,album,0,NA,3517,6
4tEmQmDhb4i6Fp276JAstF,Hood Reality,Lil Scrappy,1/24/06,album,0,NA,3518,6
3LNgeamFYsPouu3pv2Yzdx,Hopeless Romantic,Lil Scrappy,11/14/17,album,0,NA,3519,6
0GB6d4po2rluKj2Zulpe5L,Merlo's Way,Lil Scrappy,2/14/15,album,0,NA,3520,6
4bHl73RBx8MsDmUPg5mE6h,Prince of the South / Prince of the South 2 (2 for 1: Special Edition),Lil Scrappy,3/22/11,album,0,NA,3521,6
71yE69uj3rsaSJczd46xVY,Prince of the South 1 & 2 (Deluxe Edition),Lil Scrappy,5/26/15,album,0,NA,3522,6
3EbIcZKWBrAeIWL0trmBLX,Prince of the South 2,Lil Scrappy,10/5/10,album,0,NA,3523,6
6iQc7Ornden2mrT3qev76l,Silence And Secrecy: Black Rag Gang,Lil Scrappy,1/27/09,album,0,NA,3524,6
2iq1aamDOZe5eZAdiY7FH9,The Grustle,Lil Scrappy,6/26/12,album,0,NA,3525,6
3ssPlHN7gHgwlvNepIpADq,The Return of the Prince of the South,Lil Scrappy,3/2/11,album,0,NA,3526,6
4SLCIghNdpICbLds0yl8ME,16 & Runnin Resurrected,Lil Snupe,12/12/16,album,0,NA,3527,6
7ClTZAj3lnpIIRiSQUzGao,R.N.I.C. II: Jonesboro,Lil Snupe,2/10/15,album,0,NA,3528,6
3uUFNw5wwj0KMzocxwQeq2,R.N.I.C. Re-Visited,Lil Snupe,10/28/14,album,0,NA,3529,6
5zUnwGHBZ5NYEHOEYUQ0NM,Resurrected,Lil Snupe,11/21/16,album,0,NA,3530,6
3SO5Peo1rHSu4de8dik4m6,Touching the Stars (feat. Torica),"Lil Snupe, Jay B.",11/13/15,album,0,NA,3531,6
7GhhjjePBwQu67xXcvHSBd,Industreet Riding (feat. Q),"Lil Snupe, Richie P",12/4/16,album,0,NA,3532,6
0XWw17TKT2sn8IiKpmU680,Desire (YAWNS Remix),"Lil Tracy, YAWNS",4/20/18,album,0,NA,3533,6
1LXuNVauouSZFQcwDKHrEP,Anger Management,Lil Twist,8/26/16,album,0,NA,3534,6
7jWwtuOTvOD2GxDHne2hf3,Little Secret,Lil Twist,1/1/10,album,0,NA,3535,6
591q2JKtMT4iTtJQ4AtwFX,Love Affair,Lil Twist,1/1/11,album,0,NA,3536,6
0SJkXggnNCf9eNDIq3BbsM,New Money,Lil Twist,1/1/11,album,0,NA,3537,6
5lEU3fEJYpDvmXk5RfH7JN,Turn't Up,Lil Twist,11/28/11,album,0,NA,3538,6
5zHHHIpTfjfqw3wztAzbew,A-Team (You Ain't Safe),"Lil Yachty, Lil Keed, Zaytoven",1/31/20,album,0,NA,3539,6
5d3srxeafIdQ9BqdO2CgOs,Hightop Shoes,"Lil Yachty, Lil Keed, Zaytoven",2/13/20,album,0,NA,3540,6
2LLoQ8llKf6oLack1FXpiH,Certified,"Lil' Flip, Gudda Gudda, Lil' Flip, Gudda Gudda",8/4/15,album,0,NA,3541,6
0weguLXW4X0CcT35oOhN5h,All Eyez on Us,"Lil' Flip, Outlawz, Outlawz, Lil' Flip",8/4/15,album,0,NA,3542,6
33pdNbQw2xOe3A639EgVzu,9,Lil' Kim,10/11/19,album,0,NA,3543,6
6WCnhmNmV5yXe0wQsvFFAF,Found You,Lil' Kim,9/27/19,album,0,NA,3544,6
2RiF0mLNp7IzXRx0nwmwaK,Go Awff,Lil' Kim,2/15/19,album,0,NA,3545,6
39xHAZmTUSQJyXt6ebpjKT,Hard Core,Lil' Kim,1996,album,0,NA,3546,6
6UlNLXBFLqRDiKnyrF4oDE,La Bella Mafia,Lil' Kim,3/3/03,album,0,NA,3547,6
289J7IX9PxbKGcKYJEYso9,Nasty One,Lil' Kim,7/11/18,album,0,NA,3548,6
6aeywUqBr9DXTbZI0h5MtP,Pray For Me,Lil' Kim,10/4/19,album,0,NA,3549,6
0f0p5YbL8yy5aFtCNGlmvg,The Naked Truth,Lil' Kim,9/26/05,album,0,NA,3550,6
1C3I7LjJaNnY5VQE59iWtb,The Notorious Kim,Lil' Kim,6/16/00,album,0,NA,3551,6
4QFkjFDiaJZrFffSlA7kW4,F.R.A.N.K.,Liv.e,8/4/17,album,0,NA,3552,6
4o8yGUEA3XoicZq3SReUQb,Hoopdreams,Liv.e,6/3/18,album,0,NA,3553,6
6dD8rdpuzo2NEzAk4M1MDX,"Raw Daybreaks, Vol. 1",Liv.e,12/7/17,album,0,NA,3554,6
3ywrdgcYFubophxFr3cbBR,SirLadyMakemFall,Liv.e,1/21/20,album,0,NA,3555,6
5Z1L2QX1aTvFy3a6lmmHlE,Truth Hurts (DaBaby Remix),"Lizzo, DaBaby",8/23/19,album,0,NA,3556,6
1zt4HVA2H5uh8SldrOfCMh,Tempo (feat. Missy Elliott),"Lizzo, Missy Elliott",3/20/19,album,0,NA,3557,6
1XT5Wz52niQDuTeYQeTlOM,Caramel (feat. City Girls),Lloyd,2/12/19,album,0,NA,3558,6
6VhvBmBFEl31U4if6l2VqG,Heavenly Body,Lloyd,7/26/17,album,0,NA,3559,6
3aAONJf7r1uJXF9ErDaJBx,King Of Hearts (Deluxe),Lloyd,2011,album,0,NA,3560,6
0WBhysjafwp742siZkMzZ2,Lessons In Love,Lloyd,1/1/08,album,0,NA,3561,6
317R21F7calEn6gpLnHEkb,Southside,Lloyd,1/1/04,album,0,NA,3562,6
6Lq7nLkIq7C0zVJp0OGSGO,Street Love,Lloyd,1/1/07,album,0,NA,3563,6
091JnKYEdqWQ6tyEbCgAEV,TRU - LP,Lloyd,8/31/18,album,0,NA,3564,6
44S2Q0uJ7y9vxIbrjMzaor,Any Girl,Lloyd Banks,1/1/10,album,0,NA,3565,6
4bJFH9Y6W6YJ4BMuMn1PWw,Cake (Sprint Music Series),Lloyd Banks,1/1/06,album,0,NA,3566,6
6z5NAZpP7rXXIFihcMC7o1,"Cashing in Mo Money in the Bank, Pt. 3",Lloyd Banks,11/30/10,album,0,NA,3567,6
0RYhvwOBxLMkiLYSCVSUXK,H.F.M. 2 (Hunger For More 2) [Deluxe],Lloyd Banks,1/1/10,album,0,NA,3568,6
683dZDdwHnvyqri9jPeZ20,Money in the Bank,Lloyd Banks,2003,album,0,NA,3569,6
5ZKnSr5lTWsAodNMSylSnl,My House,Lloyd Banks,1/1/06,album,0,NA,3570,6
06pfkm8ab4ex4nX8PPCVLi,Overload,Lloyd Banks,7/20/17,album,0,NA,3571,6
6WP2OcxKfKSpZINvLKgTLH,Rotten Apple,Lloyd Banks,1/1/06,album,0,NA,3572,6
1lzhgqRBzBgATiMeMhAe7o,So Forgetful,Lloyd Banks,1/1/11,album,0,NA,3573,6
4zhIBtwfHDyfy1Q0CKLhsl,Start It Up,Lloyd Banks,1/1/10,album,0,NA,3574,6
0Nk2ClpAEN3dLyzpKDVE2v,The Hunger For More,Lloyd Banks,1/1/04,album,0,NA,3575,6
1EawtrpczEVHBXPGCA4NlX,You Already Know (Remix- Explicit Version),Lloyd Banks,1/1/06,album,0,NA,3576,6
0AGsKXBmbhUn0A8md8xLKs,Gettin to It,Lola Damone,8/20/15,album,0,NA,3577,6
58b6W57UVODTsZSjmgzzyk,Lola Bitch,Lola Damone,1/1/15,album,0,NA,3578,6
31q1GRKJQYbFVs32r8MeY0,Wanting U (feat. Melanie Rutherford),Lola Damone,8/7/12,album,0,NA,3579,6
0t9iwHawdLBbG3SuhrN75t,Back In My Bag,London Jae,1/29/18,album,0,NA,3580,6
12TA9UMEjSZClJkI053I2x,Better L8te Than Never,London Jae,5/28/15,album,0,NA,3581,6
3pd8UBHoVVi0I9cKkbjlKp,Gunz & Roses,London Jae,3/29/18,album,0,NA,3582,6
1pPqI5eLwCa4vdLb8u3jv0,King of Hearts,London Jae,2/26/19,album,0,NA,3583,6
1JrLw5XYd6jtaSx3glOJtC,Me and My H.O.E.S,London Jae,2/16/16,album,0,NA,3584,6
0BVSzdq6EiPP4pUFoKhhaI,NASA,London Jae,1/22/16,album,0,NA,3585,6
1DxgRZ60p76j5OIOpmmzOe,Pain Killer,London Jae,5/13/16,album,0,NA,3586,6
3kd1SJKlGUvwZH5QytgZZ4,Pneumonia,London Jae,11/21/18,album,0,NA,3587,6
4eGt5BVGxdgwgYD6yxXUSD,No Flag,London On Da Track,8/24/17,album,0,NA,3588,6
2UYUML0IpUiIovt84rfEaE,"No Flag (feat. Nicki Minaj, 21 Savage & Offset)",London On Da Track,8/24/17,album,0,NA,3589,6
4PuUg0eqqnrg6bV26ctajh,"Whatever You On (feat. Young Thug, Ty Dolla $ign, Jeremih & YG)",London On Da Track,12/7/17,album,0,NA,3590,6
5gyk9wb9zJCNvBzmH06HUB,Throw Fits (feat. City Girls & Juvenile),"London On Da Track, G-Eazy",5/17/19,album,0,NA,3591,6
24NjSH1ONMBgocJfxwRs5r,K.I.M. / Rug,Lord Digga,1/1/01,album,0,NA,3592,6
3ROwZZ2vCZxz74UbxYz2KV,The High Plains Drifter,Lord Digga,6/17/08,album,0,NA,3593,6
3L5zbSXUsEsMFE70Whb4Du,Who You Rollin' With / All World,Lord Digga,1/1/02,album,0,NA,3594,6
6IN1sq60r8q85LZ5oFL0jO,"Deep Space (feat. RZA of Wu-Tang Clan) (12"")",Lord Jamar,12/21/10,album,0,NA,3595,6
1WUBccyvj7DPwMpqlhWrcD,The 5% Album,Lord Jamar,6/27/06,album,0,NA,3596,6
3nBaxoZIYcVyR3mWIyKj74,0-100 - Single,Louie V Gutta,11/11/14,album,0,NA,3597,6
1aLIGY05kFq17GtXRww0H3,Boomin',Louie V Gutta,10/13/17,album,0,NA,3598,6
2xSBj9uCOTRfVsiu05tOsH,FR FR,Louie V Gutta,6/26/18,album,0,NA,3599,6
3M7dwOAtDDOOvNjKLGw4AJ,It Kills Me,Louie V Gutta,6/24/14,album,0,NA,3600,6
1gJnGtnmF5kAJzaKJT6GS1,New Legend,Louie V Gutta,9/30/14,album,0,NA,3601,6
35jCatIAmv5CUyG0gnoF0j,"No Limit (Bout It,Bout It)",Louie V Gutta,11/30/15,album,0,NA,3602,6
214f62IRsSTUFuk5n4v4t1,She Wanna Party - Single,Louie V Gutta,10/7/14,album,0,NA,3603,6
63IEbnVJILLZ4Gn7kVt2F8,The Life Of Lulu,Louie V Gutta,3/31/17,album,0,NA,3604,6
1OY3NLp0R9OZt4pPKplw9T,They Gone Hate You,Louie V Gutta,6/24/14,album,0,NA,3605,6
6EC3BAZsaoIhJpeeHUAtfx,Too Good,Louie V Gutta,6/7/16,album,0,NA,3606,6
1FiuabrsBwbuwmztMZcVs2,Where There's Smoke There's Fire,Louie V Gutta,7/15/19,album,0,NA,3607,6
7yAGwZWX7B63KxEg129jgk,Worth the Wait,Louie V Gutta,8/13/13,album,0,NA,3608,6
4Df90nxdWPeg60LEDlC499,4 The Betta,LUCKI,10/16/19,album,0,NA,3609,6
53jscFYbbsfeGFG3Rt3CVC,Almost Back,LUCKI,5/31/19,album,0,NA,3610,6
1hpn4Spfmw80nqRWAd8Zk1,Alternative Trap,LUCKI,2/25/13,album,0,NA,3611,6
4MAHIIjN6oiNMIhqmujnwC,Body High,LUCKI,8/7/14,album,0,NA,3612,6
0p1QXY0M8LRXybgy9TchHE,Days B4 III,LUCKI,10/25/19,album,0,NA,3613,6
1v7HmG87k9F88N7CWIOlIW,Freewave,LUCKI,10/19/15,album,0,NA,3614,6
4PKdUHGtcJtsjhIaR4fjMk,Freewave 3,LUCKI,2/15/19,album,0,NA,3615,6
7duORIkAcloY7X2RlblnXE,Goku,LUCKI,3/4/19,album,0,NA,3616,6
6vrHjmCAEiYOBHnNraoZiF,Nascar Dashcar,LUCKI,10/2/19,album,0,NA,3617,6
04D2LTFDalDN0jUpoT6Py4,Peach Dream,LUCKI,1/25/19,album,0,NA,3618,6
18btSwUQ9yg2C3btncIJwi,Politics,LUCKI,2/8/19,album,0,NA,3619,6
45PaEwQodQtfw2nElzigDl,Watch My Back,LUCKI,12/1/17,album,0,NA,3620,6
7fN5k1nFNMO9gCJzL2EkMv,More Than Ever,"LUCKI, CHASETHEMONEY",12/28/18,album,0,NA,3621,6
6tdAxBZCzVWBl89QpjPtKb,Trust Nobody,"LUCKI, Mick Jenkins, Lofsky",12/21/18,album,0,NA,3622,6
7GkjuQyxIL01T6CnDXfK8C,Boochie Gang,Lud Foe,9/7/18,album,0,NA,3623,6
4iqbKx010Jlec6lPuW6Ppx,Find Me,Lud Foe,3/8/19,album,0,NA,3624,6
2eHhAPEl2kvi0HJJsI6tvg,Get Well Foe,Lud Foe,5/18/18,album,0,NA,3625,6
0nH3u0OFzFM49higmy12EA,Jumping,Lud Foe,2/8/19,album,0,NA,3626,6
1A5Y5lbRxBNj2ri1XclTsQ,No Hooks,Lud Foe,5/18/18,album,0,NA,3627,6
3d7xPL1qZtTNSrxX4mRqvX,No Hooks II,Lud Foe,5/18/18,album,0,NA,3628,6
1pWGznsKcUuhbO2ST4cwG4,Raw,Lud Foe,9/27/19,album,0,NA,3629,6
5UL4JeebFRM3CwLfk7ZAlh,Show U Off (feat. Lil Uzi Vert),"Lud Foe, Lil Uzi Vert",4/26/19,album,0,NA,3630,6
00kSgH9g6nYBQhjnRQFBew,Battle Of The Sexes (Deluxe),Ludacris,1/1/10,album,0,NA,3631,6
3hJHXxX04PNuGFIxdEHGzg,Chicken - N - Beer,Ludacris,1/1/03,album,0,NA,3632,6
2KlVwY7H9B9KvFXJglqzWq,Ludaversal (Deluxe),Ludacris,3/31/15,album,0,NA,3633,6
77u9Ndnhi4raBZfnl22Jzg,Release Therapy,Ludacris,1/1/06,album,0,NA,3634,6
1KushUovbraTDRu9sbO5fg,The Red Light District,Ludacris,1/1/04,album,0,NA,3635,6
4zK2YeF922VXfzyxFteIfT,Theater Of The Mind (Expanded Edition),Ludacris,11/24/08,album,0,NA,3636,6
6hHTqyLCYarXP6j8vuRcj9,Word Of Mouf,Ludacris,11/27/01,album,0,NA,3637,6
57AbXDTvGGw2GDC6rrsH2m,Ludacris Presents...Disturbing Tha Peace,"Ludacris, Disturbing Tha Peace",1/1/05,album,0,NA,3638,6
1VN6HsEOatAIT3lVvNinvF,Ain't Too Cool,LunchMoney Lewis,12/4/15,album,0,NA,3639,6
22gQ3287u7f9iH5xaL8egl,Bills - EP,LunchMoney Lewis,4/21/15,album,0,NA,3640,6
0KRkbkSNifAk3S7y77QABs,H.O.E. (Heaven on Earth),LunchMoney Lewis,3/24/17,album,0,NA,3641,6
2JiIZjRBvUpGsCCYr1gSIU,It's Gonna Be A Lovely Day (The Secret Life of Pets 2),LunchMoney Lewis,5/31/19,album,0,NA,3642,6
3GKYTiOYU2dhR33UfQzf94,Make That Cake (feat. Doja Cat),LunchMoney Lewis,9/6/19,album,0,NA,3643,6
5uuftRQyL7XShdTHuG0F0n,Pony (feat. City Girls),LunchMoney Lewis,11/8/19,album,0,NA,3644,6
266GIPm6i2JAlnSsPcYhvE,Whip It!,LunchMoney Lewis,8/7/15,album,0,NA,3645,6
1tQJf93I4JYp1Sym82RoMM,Who's Up?,LunchMoney Lewis,4/20/18,album,0,NA,3646,6
7noRItGXqXNX2NxWk5kIwk,Moving Parts,"Lunice, The Alchemist",11/16/17,album,0,NA,3647,6
2oPWnMpCxG3mCbGcIjmneE,GED (Gettin Every Dolla),Lute,2/4/20,album,0,NA,3648,6
1dtZKckMngbjJgmYpvO3jL,Premonition (feat. Earthgang & Cam O'bi),Lute,9/26/17,album,0,NA,3649,6
1ADZKlutJLrrCTNvGoEEon,West 1996 Pt. 2,Lute,9/29/17,album,0,NA,3650,6
4CVe6wxuAkEt3fOnafYSPS,As U Were,Lyrics Born,10/26/10,album,0,NA,3651,6
5FqPshjgAVEyFpLCR9FP6Q,Callin' Out (Remix),Lyrics Born,8/27/04,album,0,NA,3652,6
0MZFsXe4QeT9shJO1VacTE,Everywhere At Once,Lyrics Born,4/22/08,album,0,NA,3653,6
66FVpMbW0IEIiSynKYghPp,I'm Just Raw / Pack up Remix,Lyrics Born,4/19/05,album,0,NA,3654,6
37nLVTXSLXDe2c5h0CsM7G,Later That Day...,Lyrics Born,4/21/18,album,0,NA,3655,6
4L1lulA1hRFw0sQ5zPINNe,Quite a Life,Lyrics Born,9/14/18,album,0,NA,3656,6
6vWdIyaEQT2UAS9KpSazc8,Real People,Lyrics Born,5/5/15,album,0,NA,3657,6
3yptBrnagK2AG2m3sArNlc,Same !@#$ Different Day,Lyrics Born,4/19/05,album,0,NA,3658,6
7sZqZpGN6leR2PncwkuaUc,AIM (Deluxe),M.I.A.,9/9/16,album,0,NA,3659,6
4H732ay6gyFrsqUeyWrZl9,Arular,M.I.A.,1/1/05,album,0,NA,3660,6
1JV2adHIREQSZWTCrn6CbW,Bad Girls (The Remixes),M.I.A.,1/1/12,album,0,NA,3661,6
2WsY2c1AfpL5qCi48Z95Sh,Bring The Noize,M.I.A.,1/1/13,album,0,NA,3662,6
4YPkUAvqLRWOSairP5Rs0D,Come Walk With Me,M.I.A.,1/1/13,album,0,NA,3663,6
1Lymt1abGCr3J06bbnmWca,Kala,M.I.A.,1/1/07,album,0,NA,3664,6
0Tzmggiu4m2tGVknmnFvwL,M.I.A.'s Sexodus Re-Loaded With War (feat. War Syntaire),M.I.A.,5/25/15,album,0,NA,3665,6
40rt6iOpJdpGRCoxvka3a7,"Matahdatah Scroll 01 ""Broader Than A Border""",M.I.A.,6/30/15,album,0,NA,3666,6
5TTyDbaARm4YjXJ5OQVKwl,Matangi,M.I.A.,11/5/13,album,0,NA,3667,6
7hJOaKxZsmHPa3InCzYBwe,MAYA (Deluxe),M.I.A.,1/1/10,album,0,NA,3668,6
0EvXxnehixDxidlqMufZDc,P. O. W. A,M.I.A.,2/8/17,album,0,NA,3669,6
6a7D4xTcFcNeiKSbqawMlO,Trouble Again - Spotify Exclusive,M.I.A.,1/1/13,album,0,NA,3670,6
1oKKRXLfrFpDSLdXhxh3pm,Anybody Can Get It - Single,M.O.P.,11/12/11,album,0,NA,3671,6
06bchN6zM93uZdUg1WP8bT,Broad Daylight,M.O.P.,10/23/14,album,0,NA,3672,6
1Coc0GdOw4FXgEggnVyywb,Firing Squad,M.O.P.,7/21/96,album,0,NA,3673,6
3kaX938EVrZuYE1JpNhZIW,First Family 4 Life,M.O.P.,8/11/98,album,0,NA,3674,6
2dLzwBwJPaq3OaiAs1NmgD,Foundation,M.O.P.,9/15/09,album,0,NA,3675,6
07g6Oaqhmo4rLnDDHJkR0d,Mash Out Posse,M.O.P.,6/8/04,album,0,NA,3676,6
35YC2Xrvy5AlW5Sm59hhgN,Something About Your Awesomeness (feat. Kenny Lumpkin),M.O.P.,6/5/14,album,0,NA,3677,6
26ISFtLn1LvnlonE7EXrXX,Street Certified,M.O.P.,11/18/14,album,0,NA,3678,6
0mw0v424Ribwwrt0oMVB1j,Warriorz,M.O.P.,8/29/00,album,0,NA,3679,6
7Ca1tp1U0C9LG2G7NkNGWy,Sparta,"M.O.P., Snowgoons",11/22/11,album,0,NA,3680,6
1P84iDclPoEG2p3AGlKJWI,Call on Me (Knxwledge Remix),"mabanua, Knxwledge",6/14/19,album,0,NA,3681,6
4NkdwPg1Vn4F7jKCskYd81,Project Shit,"Maceo, Zaytoven",7/27/18,album,0,NA,3682,6
3trIZYsckRfduG5Q6VDC2w,Brand Name,Mach-Hommy,5/7/19,album,0,NA,3683,6
5rt3XFH8FhpPHmXyyaj3L9,Clout Dracula,Mach-Hommy,12/3/19,album,0,NA,3684,6
16rqYJnDBbUmv9ZApafev2,Wap Konn JÃ²j!,Mach-Hommy,6/21/19,album,0,NA,3685,6
5YuscmEJSgkwWzBafTBKse,BINGE,Machine Gun Kelly,9/21/18,album,0,NA,3686,6
6i34bwPf5FpNf0nh7sIXhv,bloom,Machine Gun Kelly,5/12/17,album,0,NA,3687,6
1HK1WLip5xwWQYixdF3Jsk,General Admission,Machine Gun Kelly,10/16/15,album,0,NA,3688,6
0bJIHF1Or1YBLFBMwv53K2,Hotel Diablo,Machine Gun Kelly,7/5/19,album,0,NA,3689,6
5NzdnPboXcqvuvyEH1wSEJ,Lace Up (Deluxe),Machine Gun Kelly,1/1/12,album,0,NA,3690,6
5OSYbbvt14377R8tEOCRUX,RAP DEVIL,Machine Gun Kelly,9/8/18,album,0,NA,3691,6
5LVekIY0JwPOJqiKZnO7QJ,The Break Up,Machine Gun Kelly,12/15/17,album,0,NA,3692,6
0Cdk8wZXVrYX2ZyCwjTEjs,why are you here,Machine Gun Kelly,12/18/19,album,0,NA,3693,6
26airVOv5AlcZwSrKq32TV,Bang Or Ball,Mack 10,1/1/01,album,0,NA,3694,6
0i7KKsfzuGq5Awx5CBfxRH,Based On A True Story,Mack 10,1/1/97,album,0,NA,3695,6
5AUucnQC1vqpFMzn5DY3Y5,Big Balla,Mack 10,11/17/09,album,0,NA,3696,6
3YbLWDiFNRiLpmPUwKpkEU,"Ghetto, Gutter & Gangsta",Mack 10,1/1/03,album,0,NA,3697,6
3llbfmYux8fLQuAC1RtA4m,Hustla's Handbook,Mack 10,1/1/05,album,0,NA,3698,6
1XB19X7gp8HAEJCUmbPCGY,Infiltration,Mack 10,12/2/16,album,0,NA,3699,6
0SIJmYjQu1tjhRpZpdPyAO,Mack 10,Mack 10,1/1/95,album,0,NA,3700,6
6e4UtuC0E51kbKLxGllPFf,Soft White,Mack 10,9/29/09,album,0,NA,3701,6
0IFUngt1NOGu9hPLu69l6t,The Hood,Mack 10,4/10/12,album,0,NA,3702,6
5CqlGUuDpuShTNYKx1mDTI,The Paper Route (Explicit),Mack 10,1/1/00,album,0,NA,3703,6
3UQwazr89y2BKUWCfVNwwZ,We Got It Like That (Explicit),Mack 10,9/28/10,album,0,NA,3704,6
1CwKYaWnLxW13VzVrF2Waq,Pull Up,"Madeaux, ManMan Savage",9/19/16,album,0,NA,3705,6
5TrTfi59llqy0m35wnmNGA,Chucky Cheese,MadeinTYO,5/10/19,album,0,NA,3706,6
41AF9jyipqEEmWrHxNAlNC,Club Close,MadeinTYO,6/1/18,album,0,NA,3707,6
3UwFCRTqfL26GcqsvT0lnP,Picture Me Rollin,MadeinTYO,2/2/18,album,0,NA,3708,6
0jPxLnAkjK20xnotuijSUx,"Sincerely, Tokyo",MadeinTYO,10/26/18,album,0,NA,3709,6
24ZyrExx41cMhL6XwuHBqZ,Stop Calling (feat. Key Glock & Tay Money),MadeinTYO,9/13/19,album,0,NA,3710,6
2xN75IRtc4e9RyUmmr595C,"Thank You, Mr. Tokyo",MadeinTYO,8/22/16,album,0,NA,3711,6
3HqqtbWskG8GJd5Eav7IxL,True's World,MadeinTYO,8/25/17,album,0,NA,3712,6
5oX51HjtKjDJxu6F8cqHPe,You Are Forgiven (Deluxe Edition),MadeinTYO,8/19/16,album,0,NA,3713,6
18RzxV31WseTjmTaym1tP7,Good Gas,"MadeinTYO, FKi 1st, UnoTheActivist",2/22/18,album,0,NA,3714,6
0J6gXmCwNSppontVzNkZaV,Bad Neighbor Instrumentals,Madlib,3/24/17,album,0,NA,3715,6
02lkz8UPvRO7QhUZct7XzG,Madlib Medicine Show #11: Low Budget High Fi Music,Madlib,1/25/11,album,0,NA,3716,6
4qfZaYDq9FnYvdppk7SO6p,Madlib Medicine Show #7: High Jazz,Madlib,7/27/10,album,0,NA,3717,6
340OWp4FvfFY5T2C1W4apj,"Rock Konducta, Pt. 1",Madlib,7/15/14,album,0,NA,3718,6
32MO0w0dBkn4kaT4NLNyXe,"Rock Konducta, Pt. 2",Madlib,7/15/14,album,0,NA,3719,6
2QnquRaRAw9uQTgmVB2UIB,The Beats (Our Vinyl Weighs a Ton Soundtrack),Madlib,9/9/14,album,0,NA,3720,6
0LncwHODjl9isM9pzVmuOS,A Place Like This,Majid Jordan,7/17/14,album,0,NA,3721,6
693RRTejeSe0iJ4qf8HtKH,All Over You,Majid Jordan,9/7/18,album,0,NA,3722,6
7awpB1UEVeDF6h8mGMssTI,Majid Jordan,Majid Jordan,2/5/16,album,0,NA,3723,6
6UIQTWMyABBVSogql055tC,My Love (feat. Drake) [Remix],Majid Jordan,3/11/16,album,0,NA,3724,6
5Cxmpu53dotB7OcgRcHOFn,Spirit,Majid Jordan,9/6/18,album,0,NA,3725,6
6QC8G4HVk9lkbpxugU7ZgF,The Space Between,Majid Jordan,10/27/17,album,0,NA,3726,6
3LHVZayhkrZPdryYqJ5JZu,Caught Up (feat. Khalid),"Majid Jordan, Khalid",7/24/19,album,0,NA,3727,6
4pCLlUxlKj3pNVdBtFyhrU,Peace Is The Mission (Extended),"Major Lazer, Diplo",11/27/15,album,0,NA,3728,6
6Cun8XaplQbI9DtM1zPvFr,Malibu Ken,"Malibu Ken, Aesop Rock",1/18/19,album,0,NA,3729,6
2lTMJlkdV7zZu3vQuiu2T5,The Great Chicago Fire A Cold Day In Hell,Malik Yusef,1/1/03,album,0,NA,3730,6
5TIQbiUiN1fABzFBAhhoZO,The Matte Blaque Experience Episode 1: The Ballad of an American Dope Boy: White Horse,Malik Yusef,11/19/18,album,0,NA,3731,6
6LnE26tW0uBBiLxFuOH2kZ,#FreeManManSavage,ManMan Savage,8/21/14,album,0,NA,3732,6
4X8ZjLTwH4VK2xuhvSXYCA,Any Givin Sunday,ManMan Savage,8/30/19,album,0,NA,3733,6
015Dq1TMMUOaprpgpFUA9f,County,ManMan Savage,2/1/19,album,0,NA,3734,6
5kC0IvV1BjmAccxv4Qy6yx,EA to LA,ManMan Savage,7/30/19,album,0,NA,3735,6
5YWl7TqMi6JL8d9Rb1rZ4i,Glocks Sticks Whatever (Bandhunta Izzy),ManMan Savage,8/13/19,album,0,NA,3736,6
71HxUaNY90Bc2aw0CsIo9S,I'm A Star,ManMan Savage,11/30/18,album,0,NA,3737,6
7spFwNVU3TURCOd322YRV5,No Cosign,ManMan Savage,1/7/20,album,0,NA,3738,6
6B20N8349ACH9QLC5hbob6,Ready,ManMan Savage,6/6/19,album,0,NA,3739,6
3jewKcDgVGxEGe2yWugwdq,Still Here,ManMan Savage,8/30/19,album,0,NA,3740,6
672IdmG7WruWF7LdimSJFO,Takin Shots,ManMan Savage,7/31/15,album,0,NA,3741,6
2IhVeCFPuIdM4h0c8WeH3M,I Won't Go Out Sad,"ManMan Savage, Mayhem",12/6/19,album,0,NA,3742,6
0vL705mx60VIX3MGJOjnxR,She A Freak (feat. Ohgeesy & 03 Greedo),"ManMan Savage, OHGEESY",6/29/18,album,0,NA,3743,6
1y7nCvmb92cKYNDakkmk0Y,Can't Cry,"Marc Countup, Yung Bans",6/12/18,album,0,NA,3744,6
5rG74dS7zJK4phZSeZEbZV,Nite & Day,"Marco Polo, Big Daddy Kane",3/23/13,album,0,NA,3745,6
58eEZTkpR4cwiHnRFHHagP,You Can Cry (Remixes),"Marshmello, Juicy J, James Arthur",6/15/18,album,0,NA,3746,6
2oQFjuVpdWJWfjRXIKUKCn,Spotlight,"Marshmello, Lil Peep",1/12/18,album,0,NA,3747,6
4mKWtSdQVrmWzY0d3fLBTR,Project Dreams,"Marshmello, Roddy Ricch",1/25/19,album,0,NA,3748,6
3SFwhVyJgIHMF6loTaMg0R,Roll The Dice,"Marshmello, SOB X RBE",4/12/19,album,0,NA,3749,6
0XMUMXU7mVfOTDtS9eFq9L,Almost Human,Marty Baller,8/30/19,album,0,NA,3750,6
0BveqjPPI4IQA6BC6tn7C4,Back and Forth (feat. Neek Bucks),Marty Baller,5/29/18,album,0,NA,3751,6
6x528LzYMknbsEGIHPMa7m,Baller Nation,Marty Baller,7/19/17,album,0,NA,3752,6
6kopvZqEACruUkBZ5l75f6,Copy Cats,Marty Baller,1/18/19,album,0,NA,3753,6
5Cv0Uz8eq8nGWSqmVySxnU,Fakin,Marty Baller,2/8/19,album,0,NA,3754,6
6vgmykIOZ2ZRnGC53e6mcW,Faking,Marty Baller,2/8/19,album,0,NA,3755,6
7dkUibPXEuqKJYIOZuNwJL,"Ice (feat. ASAP Ferg, Rich The Kid, Sfera Ebbasta & Jay Critch)",Marty Baller,11/9/18,album,0,NA,3756,6
1ggzx1dA75QUwTc8zsuCNh,Marty G Raw,Marty Baller,1/3/17,album,0,NA,3757,6
7FHylX5JoQ7Y7DQlSVTHZ5,Miami,Marty Baller,8/23/19,album,0,NA,3758,6
40JEMXgS2cyrr0wK1Jn2mK,One Nation - EP,Marty Baller,6/28/18,album,0,NA,3759,6
6G9S2HoQdxYMCREtMp3nQi,Stay Down,Marty Baller,6/8/18,album,0,NA,3760,6
75fEib9P3mToAKmDoN5IGs,Soundtrack of Autumn,Marv Won,11/18/16,album,0,NA,3761,6
1Mb2WgGOdPiHyC8Pz7yWXf,Time of Your Life (feat. Keely & Young Roc) - Single,Marv Won,12/18/12,album,0,NA,3762,6
5PlA7xVCN59vR0YAnRVisM,Growing Pains,Mary J. Blige,1/1/07,album,0,NA,3763,6
42trOIladKh6FwRUph59ui,HERstory Vol. 1,Mary J. Blige,12/6/19,album,0,NA,3764,6
14E2CvlcAY07HT9Y9TryxA,Love & Life,Mary J. Blige,1/1/03,album,0,NA,3765,6
39EkrZ4JRTaYSXq9p3ibya,Mary (Limited Edition Bonus Pack),Mary J. Blige,12/14/99,album,0,NA,3766,6
7wCJISfbEMViKgxvn984Jw,My Life II...The Journey Continues (Act 1),Mary J. Blige,1/1/11,album,0,NA,3767,6
7oiXGkcA6OQms4yqjSZEV8,My Life II...The Journey Continues (Act 1) [Deluxe Version],Mary J. Blige,1/1/11,album,0,NA,3768,6
1wwKmn4MpJjtPRyjYqpvB5,No More Drama,Mary J. Blige,8/28/01,album,0,NA,3769,6
4NbiqWISvtpKiWFwpmtzTF,Strength Of A Woman,Mary J. Blige,4/28/17,album,0,NA,3770,6
2iy4MXWRu0roV5N7u2GBZk,Stronger withEach Tear,Mary J. Blige,1/1/09,album,0,NA,3771,6
13HYuDhB1soZvHzwoymXoV,The Breakthrough,Mary J. Blige,1/1/05,album,0,NA,3772,6
3jWLa1d69Yq7BMZVIJyxQu,Loyalty Is Royalty,Masta Killa,9/29/17,album,0,NA,3773,6
51n3o1INctdEDeedDqDTk2,Made In Brooklyn,Masta Killa,1/1/06,album,0,NA,3774,6
1zJbWZaJbOmS9NjURa15tF,No Said Date,Masta Killa,6/1/04,album,0,NA,3775,6
7wkN3RKW52TtjECyMOIKtD,OGs Told Me,Masta Killa,7/13/17,album,0,NA,3776,6
0mkNR0tbwDAYwQ2bakTVq9,Selling My Soul,Masta Killa,12/11/12,album,0,NA,3777,6
6s3itXY2c2QM9YdX1AxsfQ,Therapy,Masta Killa,1/27/17,album,0,NA,3778,6
0WYxyhqK6bRr775EYk0I51,Things Just Aint The Same,Masta Killa,6/1/10,album,0,NA,3779,6
09BI7E6ZfnUlRUNNleIvus,Athlete,Matt Ox,11/10/17,album,0,NA,3780,6
6aMKQQzBUT57TTOyIRLfLh,Deposits,Matt Ox,12/15/17,album,0,NA,3781,6
4ZVjrcrgY0czMHwUVnOJT0,Jetlag (feat. Chief Keef),Matt Ox,10/26/18,album,0,NA,3782,6
43fMjp4PlrBJWquEcKLJmC,Messages,Matt Ox,9/22/17,album,0,NA,3783,6
0yg6OfLKcZHCyV6RzNDk0a,Overwhelming,Matt Ox,9/8/17,album,0,NA,3784,6
1G9HMZ2u705NwXpXv9oudN,OX,Matt Ox,10/30/18,album,0,NA,3785,6
42lAWMXu8EQSKFuwkKCamW,Tesla,Matt Ox,4/26/18,album,0,NA,3786,6
0eBJEZmF84IgujUstQTBC9,Zero Degrees,Matt Ox,10/12/18,album,0,NA,3787,6
7CxbZH0zXsRFsGZJpvWdWT,Slow Down,"Maverick Sabre, Jorja Smith",2/7/19,album,0,NA,3788,6
3TdRMGWZvz13iVnpw1B15Z,Bedrest,MAVI,7/22/19,album,0,NA,3789,6
3WYZtXirqD8F9h65Z9rOqX,Bloodbath,MAVI,4/12/19,album,0,NA,3790,6
0Sm3JJOyEh1Aul7uK3T3a4,ceilings,MAVI,12/10/18,album,0,NA,3791,6
5ReWCwshKyMSMgFSmqRcll,five minutes writing from the bottom,MAVI,7/19/19,album,0,NA,3792,6
3aU7xskYlcqu4MXKzJOg5w,HARRIET,MAVI,6/27/19,album,0,NA,3793,6
5asaxnymoPyghtKrUwJrwQ,Let the Sun Talk,MAVI,10/18/19,album,0,NA,3794,6
2ijeULyaMCwReC2XJPv2Bx,NO FEAR,MAVI,4/12/19,album,0,NA,3795,6
7dmxohbqqEAheuSvF2p29W,One Foot,MAVI,10/9/18,album,0,NA,3796,6
1YcBJw9tvUkt7f6HA0q1Vt,rest,MAVI,10/31/17,album,0,NA,3797,6
1GTL8TZotH72By9slhP9Q9,Sense,MAVI,10/11/19,album,0,NA,3798,6
3khWT7G3WPYWUvb9FW6Hlu,SQUASHMATCH,MAVI,7/15/19,album,0,NA,3799,6
78lNCvSCiK4uTdAgjHAMWK,Willpower,MAVI,7/19/19,album,0,NA,3800,6
056SjI6SRXg1DHRojiUsPA,5200,Maxo Kream,8/25/17,album,0,NA,3801,6
6oGVUxOViodxfCunvEr2De,#Maxo187,Maxo Kream,3/5/15,album,0,NA,3802,6
2E5FdSQ0pyo7LHW7XxMYUi,Brandon Banks,Maxo Kream,7/19/19,album,0,NA,3803,6
5iGMCrAEm9NJ3qrPamuBUs,Cell Boomin (feat. Father) - Single,Maxo Kream,2/27/15,album,0,NA,3804,6
19ARQp7Bwklx7Q5vunvDSh,Grannies,Maxo Kream,1/24/17,album,0,NA,3805,6
5ZvWg6dVrEk5syDUzn0dPI,Mars (feat. Lil Uzi Vert),Maxo Kream,12/1/17,album,0,NA,3806,6
2J0kcMSphmKGQNMt5pAfr5,Meet Again,Maxo Kream,1/25/19,album,0,NA,3807,6
1JjUb8k0YMTBvbkuWNZ1PT,Out The Door (feat. KEY!) - Single,Maxo Kream,12/18/15,album,0,NA,3808,6
3LRX3Gq6TMcC8dNzM9Sv9d,Punken,Maxo Kream,1/12/18,album,0,NA,3809,6
7s1z8Xwr1tyTiN639cGWtb,QuiccStrikes,Maxo Kream,9/30/13,album,0,NA,3810,6
2h5TwgegBhTgVUsWsCAQhD,She Live (feat. Megan Thee Stallion),Maxo Kream,5/10/19,album,0,NA,3811,6
2xGrXZgSOpqYo3tIzc8ZgH,Shop - Single,Maxo Kream,12/21/15,album,0,NA,3812,6
50X86Cjhw5AWNhCbpKqb6I,The Persona Tape,Maxo Kream,6/29/16,album,0,NA,3813,6
4n6cETBasH0jSd930PmDsK,Affiliated,MC Eiht,4/15/16,album,0,NA,3814,6
4aCXxvv3V6rkY5oRFK1DHv,Hood Arrest,MC Eiht,2003,album,0,NA,3815,6
4Aiomi7jgZuRKV4QA9N1eP,Keep It Hood,MC Eiht,1/4/13,album,0,NA,3816,6
7hUR8FDukEuXaDHNdkXPqZ,N' My Neighborhood,MC Eiht,1/1/00,album,0,NA,3817,6
14Tu5ERTUtqXWhBNhdlJqS,Section 8,MC Eiht,1/1/99,album,0,NA,3818,6
2DhACTVC5nkgkBCp86X4nc,Tha8tz Gangsta,MC Eiht,2001,album,0,NA,3819,6
50Fp4BxK46FcW4xH4PHDEv,Underground Hero,MC Eiht,7/2/02,album,0,NA,3820,6
6t5vebwPjogTyq8wmFoRf9,Veterans Day,MC Eiht,9/28/04,album,0,NA,3821,6
7tk2koTWsIRYuQ2V5RFsjK,Which Way Iz West,MC Eiht,6/30/17,album,0,NA,3822,6
68R3HwUZf4djEaI9ubuDn3,Back At It,MC Ren,7/1/19,album,0,NA,3823,6
2flaipk6d88WXt6L9JYG2M,Burn Radio Burn - Single,MC Ren,12/29/14,album,0,NA,3824,6
1Ru7CBStXBRKPA1mEbtaPq,King Villain,MC Ren,2/14/19,album,0,NA,3825,6
7AMOkwFQeInQ6eJtAMC2U5,Kizz My Black Azz,MC Ren,6/30/92,album,0,NA,3826,6
5n8es5KArD6uYVunTNSvvh,Rebel Music (Remix) (feat. Ice Cube) - Single,MC Ren,6/9/14,album,0,NA,3827,6
5s4Y4HZzBWR8WpLFp2uQZG,Renincarnated,MC Ren,10/31/09,album,0,NA,3828,6
1lySwXoNUYpeuDCE0cVCrm,Ruthless For Life,MC Ren,6/30/98,album,0,NA,3829,6
0wqty9Dw629In50VkRHjg1,Shock Of The Hour,MC Ren,11/16/93,album,0,NA,3830,6
24taEjTp3qTIzb6UubOmri,The Villain In Black,MC Ren,4/9/96,album,0,NA,3831,6
3UbwOC1OgkpGXI2nUaj8cm,Bad Neighbor,"MED, Blu, Madlib",10/30/15,album,0,NA,3832,6
59AqQpcGuSHTWPJITx8XWw,The Turn Up,"MED, Blu, Madlib",11/17/17,album,0,NA,3833,6
0IAdc2Q9raXdxiRfJ8S4es,Child Of The Jungle,"MED, Guilty Simpson",3/29/19,album,0,NA,3834,6
2JWmYCP9GdnCq1GTgKw6zJ,Face Down,"MED, Guilty Simpson",3/2/18,album,0,NA,3835,6
34LUTyhy4RZkfjvnF0gWu4,B.I.T.C.H.,Megan Thee Stallion,1/24/20,album,0,NA,3836,6
2mlhJatcMj11B3wm3nV14t,Cocky AF,Megan Thee Stallion,2/15/18,album,0,NA,3837,6
1KqDByzl8ka4U4OhcgqLKq,Make It Hot,Megan Thee Stallion,9/18/17,album,0,NA,3838,6
52IFBdPDzazoTq21pbXw19,Pull up Late,Megan Thee Stallion,7/13/17,album,0,NA,3839,6
0BFB87VJlDwD7dI62BQ53B,Realer,Megan Thee Stallion,5/16/19,album,0,NA,3840,6
1DsjQrklCquOTdQEZxxSU4,Sex Talk,Megan Thee Stallion,3/22/19,album,0,NA,3841,6
4qvqT3mL1uJrp0EITbaMb7,Stalli (Freestyle),Megan Thee Stallion,12/4/17,album,0,NA,3842,6
26jEIrN7WSAnVQXXUmLRSN,Tina Snow,Megan Thee Stallion,12/21/18,album,0,NA,3843,6
2brh6nArR9NUPankXlhmAZ,Diamonds (with Normani),"Megan Thee Stallion, Normani",1/10/20,album,0,NA,3844,6
2Xqs4kJBrZAHN1XVqy9QOK,Hot Girl Summer (feat. Nicki Minaj & Ty Dolla $ign),"Megan Thee Stallion, Ty Dolla $ign",8/9/19,album,0,NA,3845,6
7Dfk55fGetXAV3iAYJqkrO,"Ride Or Die (From ""Queen & Slim: The Soundtrack"")","Megan Thee Stallion, VickeeLo",10/25/19,album,0,NA,3846,6
2zTa2JVmtv5osyyJMAoTRz,Bet,Mereba,12/21/18,album,0,NA,3847,6
1RY83x7LYEmZYAby7ukV8v,Black Truck,Mereba,2/9/18,album,0,NA,3848,6
3SdUH6U8N1aKQyZcjMkUE3,"Kotton House, Vol. 1 - EP",Mereba,2/10/17,album,0,NA,3849,6
7yCduTDQ9upZbgCQHNgDfl,Late Bloomer,Mereba,12/21/18,album,0,NA,3850,6
5gpZSiylNpy4pNIlprUa9R,Living on a Dream,Mereba,2/28/17,album,0,NA,3851,6
7ms1mvyYCls2z9ufC8krQf,Radio Flyer,Mereba,6/24/14,album,0,NA,3852,6
6EFLaTlCRvOLwMeN1iksAW,Room for Living,Mereba,2/14/13,album,0,NA,3853,6
3KNeJJ13oG6rpo1loKOkGI,September,Mereba,6/3/14,album,0,NA,3854,6
40L9yPrh6yD1ECI3ofNfPc,The Jungle Is The Only Way Out,Mereba,2/27/19,album,0,NA,3855,6
0Y2ArrqJQ8WuUA5tetAkZi,4:21...The Day After,Method Man,1/1/06,album,0,NA,3856,6
483PEYCEMWVPGAubRJzAkP,Meth Lab Season 2: The Lithium,Method Man,12/14/18,album,0,NA,3857,6
0NqqvJsBatHVMXUcLfGuad,The Meth Lab,Method Man,8/21/15,album,0,NA,3858,6
7DyAbrlPQTi2v6DAmgC8Qa,Tical (Deluxe Edition),Method Man,9/16/14,album,0,NA,3859,6
0Q9WDqknn8vmyIxfZ1SZuA,Tical 0: The Prequel,Method Man,1/1/04,album,0,NA,3860,6
2X9KHxb9910GFGitAH9v1j,Tical 2000 - Judgement Day,Method Man,11/10/98,album,0,NA,3861,6
04HkBvk0hRK9rLqmdDTuB8,Wu Massacre,"Method Man, Ghostface Killah, Rae",1/1/10,album,0,NA,3862,6
5K9kD50P66neofCR8BoYxg,Blackout!,"Method Man, Redman",1/1/99,album,0,NA,3863,6
1MJ7sx0uZvNZlSTVSiEVGR,Blackout! 2,"Method Man, Redman",1/1/09,album,0,NA,3864,6
1JONI5iGkJhVgXEMxdgjP7,Squad Up,"Method Man, Streetlife",2/12/19,album,0,NA,3865,6
01hoD9mwYe3mH33y2g1Gkw,19 & Boomin,Metro Boomin,6/27/14,album,0,NA,3866,6
3B59OoKAFqhbnNogoZEDLN,Blue Pill,Metro Boomin,10/6/17,album,0,NA,3867,6
5MzXKuMAn7DjzWnbngQuIv,Chanel Vintage (feat. Future & Young Thug) - Single,Metro Boomin,7/28/14,album,0,NA,3868,6
4VXEIoFGEjhFMW7wYAvWSf,No Complaints,Metro Boomin,6/23/17,album,0,NA,3869,6
3IO8IPjwXuzPJnoaqkwYrj,NOT ALL HEROES WEAR CAPES (Deluxe),"Metro Boomin, Travis Scott, 21 Savage",11/6/18,album,0,NA,3870,6
6wv5Wnq5OGTgfZglKQlAcQ,Frozen Angels,"Meyhem Lauren, DJ Muggs",6/8/18,album,0,NA,3871,6
5s2fcPWYXahnwkc31TACb5,Gems from the Equinox,"Meyhem Lauren, DJ Muggs",10/27/17,album,0,NA,3872,6
4SMJJuAzofWpPANt7uiw8f,Members Only,"Meyhem Lauren, DJ Muggs",9/6/19,album,0,NA,3873,6
0LKyqACx30dgjpYZXeBSsl,Changed,Mez,2/18/16,album,0,NA,3874,6
5aG2WKNx1WjL4A4u3JqAoK,Data Plan .001,Mez,9/12/18,album,0,NA,3875,6
6KUEMqE0H6jdUgKWeGKkKT,Data Plan .002,Mez,11/20/18,album,0,NA,3876,6
2pW8Q1GUSIWsMPfAtQNfXU,Data Plan .003,Mez,6/28/19,album,0,NA,3877,6
6AviMNhTggWeJJ0sFCsc5g,BORN LIKE THIS (10TH ANNIVERSARY EDITION),MF DOOM,3/27/19,album,0,NA,3878,6
0fsANicB5hZ4rh3ob47PBv,Gazzillion Ear,MF DOOM,2/1/10,album,0,NA,3879,6
7IvmRtuLsTlRZhRS6KUQRn,MM...FOOD,MF DOOM,2004,album,0,NA,3880,6
4UG3kz6qoHtNI1glQ2wdon,Operation: Doomsday (Complete),MF DOOM,4/26/11,album,0,NA,3881,6
4fCYX6DvDzG5w1RKC14smH,Disastrous (Edit),"MF DOOM, Bishop Nehru",12/13/19,album,0,NA,3882,6
1ffAV4iWGRi0wxAR3FVqyw,NEHRUVIANDOOM (REDUX),"MF DOOM, Bishop Nehru",10/11/19,album,0,NA,3883,6
7oMcGclurO0kwTFDmHK53k,"America Hunger Rebirth, Vol. 2: Trials, Tribulations, Humiliation and Elevation",MF Grimm,3/15/19,album,0,NA,3884,6
32SD2cSdVI6QSRzg5kflI2,American Hunger,MF Grimm,7/25/06,album,0,NA,3885,6
2dY2lBkdZ9EZ9iDmRiP8DS,American Hunger: Rebirth,MF Grimm,4/17/17,album,0,NA,3886,6
0xVmZUPsTPXkBrXvXKsgKD,Good Morning Vietnam 3 : The Phoenix Program,MF Grimm,12/19/14,album,0,NA,3887,6
6ztB1RsiqCPANUguD6ubTW,I Am King (Single),MF Grimm,5/18/10,album,0,NA,3888,6
1Tcth2UGsSnL2QGKoflxj5,It's No Secret,MF Grimm,4/21/15,album,0,NA,3889,6
6qbQq5OpR8sCmfgtlc0joA,Return to Eden (Single),MF Grimm,8/17/10,album,0,NA,3890,6
4pebD0ktMRNWGugmjHjRE9,Scars & Memories,MF Grimm,2005,album,0,NA,3891,6
11JCJfkjGYYYjvY6invvgY,Still My Love (Rebirth),MF Grimm,2/25/19,album,0,NA,3892,6
006jSwyqKSdlA0nv5YbPXV,Taken / Dancin',MF Grimm,12/5/03,album,0,NA,3893,6
3ku8fgwkrSX9VOSUdHDgQz,The Downfall of Ibliys: a ghetto opera,MF Grimm,2001,album,0,NA,3894,6
5U4plb0bUnMSYp7HJLStAQ,The Hunt for the Gingerbread Man,MF Grimm,9/25/07,album,0,NA,3895,6
5AbN1grAz7x8iMEXVEDBaF,You Only Live Twice: The Audio Graphic Novel,MF Grimm,6/8/10,album,0,NA,3896,6
1steHQU2guToN9oroy5Ep9,Good Morning Vietnam,"MF Grimm, Drasar Monumental",12/17/12,album,0,NA,3897,6
1bBJp0FvdLYUQ9MRDYhR4U,"Good Morning, Vietnam 2: The Golden Triangle","MF Grimm, Drasar Monumental",12/19/14,album,0,NA,3898,6
7Im6UGvXIEfk5QhHEUwTYM,What a Life,"MFnMelo, Saba",11/18/19,album,0,NA,3899,6
5qAo133sEgCqWywnwaUwXB,414 Words,"Mickey Factz, Nottz",9/22/16,album,0,NA,3900,6
63aktJ8FflhR7RCwbIBGFE,The Achievement: Deluxe,"Mickey Factz, Nottz",1/19/18,album,0,NA,3901,6
493HYe7N5pleudEZRyhE7R,All I Want Is You,Miguel,11/26/10,album,0,NA,3902,6
4hOMIVFD0c1xFxwyEp5Nxe,Funeral,Miguel,11/1/19,album,0,NA,3903,6
0vlIws8YGMQAbMEkubJgAP,Kaleidoscope Dream,Miguel,10/2/12,album,0,NA,3904,6
3x06wmbNLtSNbxo2okpkHH,Python,Miguel,7/31/18,album,0,NA,3905,6
4UjbL22oH1Y2SaBWywGuUS,Sky Walker (Recorded Live at Austin City Limits),Miguel,9/28/18,album,0,NA,3906,6
6dIpj0BvQgD0BcuPgRt81Q,Te Lo Dije,Miguel,4/5/19,album,0,NA,3907,6
05LEST8E8mkEIl2LRfUkcI,War & Leisure,Miguel,12/1/17,album,0,NA,3908,6
6W8ZsoinSMViZMh9aYK7gQ,Wildheart (Deluxe Version),Miguel,6/26/15,album,0,NA,3909,6
3pUlxvGaM6KYUBZgpLwK1x,Goin Thru Some Thangz,"MihTy, Jeremih, Ty Dolla $ign",10/12/18,album,0,NA,3910,6
16rRmI5wxWWO5dnRWUKCPA,MIH-TY,"MihTy, Jeremih, Ty Dolla $ign",10/26/18,album,0,NA,3911,6
2dPMOEn0BkN8qpGVuuA3GT,The Light,"MihTy, Jeremih, Ty Dolla $ign",6/8/18,album,0,NA,3912,6
5cVudF06zoMgAbXIRkk6aR,Ali,Mike G,4/11/10,album,0,NA,3913,6
1oXWN2YaIVbFM5cbqV0Eyk,Award Tour II,Mike G,1/26/15,album,0,NA,3914,6
7ol1K5365zGmfEKABvocU2,Burton,Mike G,11/23/18,album,0,NA,3915,6
1IWdHIavNl2hCNQZaQR4fh,Chase Clouds,Mike G,4/20/18,album,0,NA,3916,6
3hE1Imtkztm525CCwLu7Nb,Doja,Mike G,4/19/16,album,0,NA,3917,6
6dZR9QTRgSaXOAF6h7Eaqm,"Everything That's Yours, Pt. II",Mike G,5/7/19,album,0,NA,3918,6
1dB4fWrynJBIJoqTHsLgub,Exile,Mike G,8/26/19,album,0,NA,3919,6
46IEkg2zuqa0WazdtHLqIS,Highlights,Mike G,1/19/15,album,0,NA,3920,6
6egju8bT9VKyqGTxGkGeRW,Mike Check Vol. II,Mike G,2/22/16,album,0,NA,3921,6
79ZI2DikERCR9SKaDUH1Gv,Purchase,Mike G,8/19/19,album,0,NA,3922,6
3tbUuIQg2KBQzHY5u2h3aD,Texas,Mike G,11/28/15,album,0,NA,3923,6
3YVnU9VqQuNGqcY4Ppetzu,The Award Tour EP,Mike G,11/28/11,album,0,NA,3924,6
5ScsxlSRQP17T0Fat7cTLj,Verses EP,Mike G,11/29/15,album,0,NA,3925,6
6L5AbHVHyY9PtVkGPMV8qq,Been Trill,Mike WiLL Made-It,12/23/13,album,0,NA,3926,6
7kSa9AwcDQ6ZUScaXxp8zP,Creed II: The Album,Mike WiLL Made-It,11/16/18,album,0,NA,3927,6
0SjyXB7KfiZY6HsPVocg4w,Drinks On Us,Mike WiLL Made-It,6/9/15,album,0,NA,3928,6
4S4V5dt3PWagKKUt2qD7yb,Est. in 1989 Last of a Dying Breed,Mike WiLL Made-It,12/28/11,album,0,NA,3929,6
4JF0qJ1Hw2WO8jIhLGjtqL,"Est. in 1989, Pt. 2",Mike WiLL Made-It,7/24/12,album,0,NA,3930,6
64kwWpLlL9BXMXENxrX97W,"Est. in 1989, Pt. 2.5",Mike WiLL Made-It,12/24/12,album,0,NA,3931,6
7p1bUI1d5dWeJwHGdNTcGa,Ransom,Mike WiLL Made-It,12/16/14,album,0,NA,3932,6
0jqcY0azNzkluuC8hxNGlw,Ransom 2,Mike WiLL Made-It,3/24/17,album,0,NA,3933,6
0itierEc1U3I8yIi4TtnuT,The Mantra,"Mike WiLL Made-It, Pharrell Williams, Kendrick Lamar",11/14/18,album,0,NA,3934,6
0D6QY2HNsCIFcL636qePwj,Aries (YuGo) Part 2 (with Rae Sremmurd & Big Sean feat. Quavo & Pharrell),"Mike WiLL Made-It, Rae Sremmurd, Big Sean",3/29/18,album,0,NA,3935,6
30CXvIH0TA6yiffN20IroJ,Saints & Sinners,"Millyz, Statik Selektah",8/24/18,album,0,NA,3936,6
47QQsqlgvkxme4jrh5QQ4i,Da Real World,Missy Elliott,3/31/98,album,0,NA,3937,6
4rCkpG9ungXXQVazS58SS4,DripDemeanor (feat. Sum1),Missy Elliott,10/18/19,album,0,NA,3938,6
6t1leWJ43SjwKoKRL9YWiX,ICONOLOGY,Missy Elliott,8/23/19,album,0,NA,3939,6
20t54K6C80QQH7vbcpfJcP,Miss E... So Addictive,Missy Elliott,5/14/01,album,0,NA,3940,6
6UkdyvPElK6JDkyeRClbI2,Supa Dupa Fly,Missy Elliott,7/11/97,album,0,NA,3941,6
6vV5UrXcfyQD1wu4Qo2I9K,The Cookbook,Missy Elliott,7/4/05,album,0,NA,3942,6
4ffXByMAjLpd25ZyzEJNMK,This Is Not a Test!,Missy Elliott,11/1/03,album,0,NA,3943,6
6DeU398qrJ1bLuryetSmup,Under Construction,Missy Elliott,11/11/02,album,0,NA,3944,6
2SzufPGzVSvvXZwdEzfOg9,Why I Still Love You,Missy Elliott,1/17/20,album,0,NA,3945,6
5foXZ9KKtHIlrXiJT9Xfaf,"I'm Better (feat. Eve, Lil Kim & Trina)","Missy Elliott, Eve, Lil' Kim",6/2/17,album,0,NA,3946,6
2bmANpDtm83qdvyFifqd7m,Big Time,MJG,6/25/13,album,0,NA,3947,6
4STVxbfMS9crOWLjjr3ql9,No More Glory,MJG,11/18/97,album,0,NA,3948,6
5F7QpQczts8IIAnaHWtti5,Pimp Tight,MJG,8/11/15,album,0,NA,3949,6
443c0U7AhITYhfibXd5ssO,This Might Be the Day,MJG,7/12/13,album,0,NA,3950,6
4GjLkWZAebH1gXzSvoLcCi,Too Pimpin' 2.0,MJG,5/27/14,album,0,NA,3951,6
5P3RJXk0w0mp9tkUKscOPv,Pimp Tight (Collector's Edition),"MJG, 8Ball, 8Ball & MJG",11/23/10,album,0,NA,3952,6
4h0ckfzPC0jsbihFDeXxam,Shot Down,"Mobb Deep, Prodigy",5/20/19,album,0,NA,3953,6
3ppB3UcyOQ6U6CcffL3bPd,2 Federal,"Moneybagg Yo, Yo Gotti",11/4/16,album,0,NA,3954,6
4RUq0kdGLKc5ROEv8I0lRY,Fed Baby's,"Moneybagg Yo, YoungBoy Never Broke Again",11/17/17,album,0,NA,3955,6
2j3accjCRcCHVe2u9sP2wK,Sensei On the Block,"Mos Def, Ski Beatz",8/28/15,album,0,NA,3956,6
3iDAjLnQsJwoVU1v09ia4A,1 Up Top Ahk,Mozzy,8/18/17,album,0,NA,3957,6
5NK5uC7BJfzJ0uJcuBY8Z3,1 Up Top Finna Drop,Mozzy,11/16/16,album,0,NA,3958,6
1zrFE1m6dNapNk5shAIFWD,Chop Stixx & Banana Clips,Mozzy,9/13/19,album,0,NA,3959,6
0JfwQNfgMVpQnkV1e9LPYN,Fake Famous,Mozzy,1/26/17,album,0,NA,3960,6
3RbAlscRbQCjo39vk36uex,Gangland Landlord,Mozzy,10/5/18,album,0,NA,3961,6
0PktMnUd4nW7tF1bBV2LBc,Yellow Tape Activities,Mozzy,4/4/17,album,0,NA,3962,6
5XmvGS3UXwkDDpo61hiNl1,Chow Time,"Mozzy, CashLord Mess",12/11/18,album,0,NA,3963,6
05XVFgv4IY0pM6Ul8mxhYm,Dreadlocks & Headshots,"Mozzy, Gunplay",7/14/17,album,0,NA,3964,6
1LRDPADOrbGzDyihiHgMs6,Run It Up Activities,"Mozzy, Kae One",6/8/18,album,0,NA,3965,6
3r5chMotRoy4srDHc4MUG3,Tapped In,"Mozzy, Trae Tha Truth",12/16/16,album,0,NA,3966,6
4ukjX86j6dnWhVuSUVXyoP,Blood Cuzzins,"Mozzy, Tsu Surf",11/20/19,album,0,NA,3967,6
7w2mxjdlhPL3EpyCbeJ8vU,London Town,"Mr Eazi, Giggs",5/23/18,album,0,NA,3968,6
0FFYJup53ExkbgIHF1ewMr,A Tale Of Two Cities,Mr Hudson,1/1/06,album,0,NA,3969,6
6kXZsaQa2yaf2IlctK861C,ANTIDOTE,Mr Hudson,4/19/19,album,0,NA,3970,6
38eOtcYwd6rFFxemFB1euR,Can't Forget You,Mr Hudson,9/29/17,album,0,NA,3971,6
0yjNfIRQeEa2tj4fcTg8j0,CHICAGO,Mr Hudson,5/23/19,album,0,NA,3972,6
7EPSaXDYO0MN1LHcFvsqso,Coldplay,Mr Hudson,12/5/17,album,0,NA,3973,6
2csjAxwQ8Vq9gguGFzd6wP,Dancing Thru It,Mr Hudson,10/16/15,album,0,NA,3974,6
1VBYMOdVbxLReUF2xQHZ6L,Fred Astaire,Mr Hudson,8/4/13,album,0,NA,3975,6
6vqxPk1E86oTqQcYQOc3zA,Hey You,Mr Hudson,12/7/15,album,0,NA,3976,6
6J2e5e4FwywnVEnQIDMlLh,Move,Mr Hudson,12/4/13,album,0,NA,3977,6
1muUEjHRsssI7ECqtR3ssQ,Step Into the Shadows,Mr Hudson,5/12/14,album,0,NA,3978,6
26AEP5x5LtgSPRqQp5tW8c,Straight No Chaser,Mr Hudson,2009,album,0,NA,3979,6
2FjtogVI6hDNFHtZ9yaD9Z,WHEN THE MACHINE STOPS,Mr Hudson,6/21/19,album,0,NA,3980,6
0QcuM0iGrDruo4LkNdN2iI,World Renown,"Mr. Lif, Dan The Automator",6/14/16,album,0,NA,3981,6
5V1NzCfuXKcDXrTpnKAHwk,Drivin',Mr. Probz,9/23/10,album,0,NA,3982,6
0sTBPvIDEthQT7ah1p3Y75,Fine Ass Mess,Mr. Probz,5/13/16,album,0,NA,3983,6
4XsH0sy4eEfQnaZJpnHBtB,Gone feat. Anderson .Paak,Mr. Probz,9/1/17,album,0,NA,3984,6
1gnXrUngw8eoJdxUuN0yEw,I'm Right Here,Mr. Probz,9/16/13,album,0,NA,3985,6
3melTGvrnMU9IGdi7EpuuU,Nothing Really Matters,Mr. Probz,9/27/14,album,0,NA,3986,6
5vFbPJNwiERWPvxQDw37zq,Praying To A God,Mr. Probz,12/7/18,album,0,NA,3987,6
6QdFacG9oVksFA7py1AltG,Space for Two,Mr. Probz,3/9/18,album,0,NA,3988,6
41UHZcuebNJobK1q0WLHQN,The Treatment,Mr. Probz,9/16/13,album,0,NA,3989,6
3QjraJGHNWUbnNBuM92xr8,Till You're Loved,Mr. Probz,2/17/17,album,0,NA,3990,6
4KprJhH0cRjZAsGSYfvLIv,Waves feat. Chris Brown & T.I (Robin Schulz Remix),Mr. Probz,11/11/14,album,0,NA,3991,6
0zicOVyILytA8uaml8B2p3,Black Is the Color of My True Love's Hair,Ms. Lauryn Hill,6/23/15,album,0,NA,3992,6
4RwFZ9Gm5HB8sKi2GY54Gp,Consumerism,Ms. Lauryn Hill,10/4/13,album,0,NA,3993,6
4wpzhjoof946rOeBziHINy,Feeling Good,Ms. Lauryn Hill,6/18/15,album,0,NA,3994,6
5dLSIo9cqbNiSRZNw4C6am,"Guarding The Gates (From ""Queen & Slim: The Soundtrack"")",Ms. Lauryn Hill,11/15/19,album,0,NA,3995,6
2s86Plfre03jrW2vNyMj7A,I've Got Life (Version),Ms. Lauryn Hill,6/29/15,album,0,NA,3996,6
3rLdVazrZrdbt5hLrXvhaS,Neurotic Society (Compulsory Mix),Ms. Lauryn Hill,8/20/13,album,0,NA,3997,6
1BZoqf8Zje5nGdwZhOjAtD,The Miseducation of Lauryn Hill,Ms. Lauryn Hill,8/25/98,album,0,NA,3998,6
0yWtDtO7so3gamM4EjkgpF,Deal Wiv It,"Mura Masa, slowthai",11/7/19,album,0,NA,3999,6
3VWLlbopoEU6pG4j8V4eZu,Bloody Hands (feat. Pressa),Murda Beatz,9/28/17,album,0,NA,4000,6
71uxGkMDuq1nSSXfkpeqqZ,Shopping Spree (feat. Lil Pump & Sheck Wes),Murda Beatz,6/21/19,album,0,NA,4001,6
0IvfJtAx96UyuyVtFmQLCx,A Strange Journey Into The Unimaginable,Murs,3/16/18,album,0,NA,4002,6
3V0DcPrzdUyOVikmcwLO0q,Captain California,Murs,3/10/17,album,0,NA,4003,6
72ZovczwuVo8LSFFRNcdTY,Have a Nice Life,Murs,5/18/15,album,0,NA,4004,6
6DUdy2eiuji8JlurLj8mgE,"Love & Rockets, Vol. 1: The Transformation",Murs,10/11/16,album,0,NA,4005,6
3KemAqTdgRAp1ZKInbgxyq,Murray's Revenge,Murs,2006,album,0,NA,4006,6
73P9PjA8US77r5NoAr9Qul,Murs 3:16: The 9th Edition,Murs,3/23/04,album,0,NA,4007,6
2ZZhWlY1E9kqRl7O945Fto,Murs For President,Murs,9/29/08,album,0,NA,4008,6
79Cgv4Dnv8mMtUuiwjP3Ne,The End of the Beginning,Murs,2/25/03,album,0,NA,4009,6
0mIWfTcPuOaqRPZEgYCs8C,Yumiko: Curse of the Merch Girl,Murs,7/16/13,album,0,NA,4010,6
7wne1yhp60CnxlpGqdE2vA,Brighter Daze,"Murs, 9th Wonder",7/19/19,album,0,NA,4011,6
7gY2JVughebK1borXe7h8J,The Iliad is Dead and The Odyssey is Over,"Murs, 9th Wonder, The Soul Council",8/9/19,album,0,NA,4012,6
7w8g2KEnTTWQ7notJ4lekb,Melrose,"Murs, Terrace Martin",8/2/11,album,0,NA,4013,6
5RnrEPrcCnCbicoDYUaqgA,10 Summers,Mustard,8/11/14,album,0,NA,4014,6
1Q5yQIQXBLDWTSIYXF2oJc,"100 Bands (feat. Quavo, 21 Savage, YG & Meek Mill)",Mustard,5/10/19,album,0,NA,4015,6
390mH8gOERjN4ACUvQhPjx,Dangerous World (feat. Travis Scott & YG),Mustard,8/17/18,album,0,NA,4016,6
2WrNHOba5u6P9S9xEboaUy,Perfect Ten,Mustard,6/28/19,album,0,NA,4017,6
0127H28xAAqyuB9nPqsOCY,Want Her,Mustard,3/6/17,album,0,NA,4018,6
2liNhe3OLLivSv18Rqqtgv,Anywhere,"Mustard, Nick Jonas",5/11/18,album,0,NA,4019,6
03VQmX56AzgSFBNfA3PVm5,Don't Hurt Me,"Mustard, Nicki Minaj, Jeremih",7/1/16,album,0,NA,4020,6
2j4YtsbCIF6Qy9r10DSfrL,Low Low (feat. TeeCee & Rj),"Mustard, Nipsey Hussle",4/13/16,album,0,NA,4021,6
5alhJcqITAVC4o6f8qGO0Z,The Ghetto,"Mustard, RJMrLA",12/15/17,album,0,NA,4022,6
4rVGepRzIj7IDiveCYQIKG,Whole Lotta Lovin' (With You Remix),"Mustard, Travis Scott",4/15/16,album,0,NA,4023,6
6658BMfIJRuzK3fuwdMqBa,Ghetto Fabulous,Mystikal,12/15/98,album,0,NA,4024,6
7MHHLBYO5rhsz3ojF6BcQL,Jump EP,Mystikal,6/1/01,album,0,NA,4025,6
388lv1ynvLzyJooZsNmf0l,Let's Get Ready,Mystikal,9/26/00,album,0,NA,4026,6
6ZFUMvnLkGErstI6DWISYn,Mind Of Mystikal,Mystikal,10/5/95,album,0,NA,4027,6
1ejJZpiHyzZXj8cC2rcNwK,Oochie Pop EP,Mystikal,5/1/04,album,0,NA,4028,6
1NDMR0jIXWU5iS04kBwIbT,Original,Mystikal,1/1/11,album,0,NA,4029,6
1EVMcwT0icvszs3aSDsk2y,Papercuts (feat. Lil Wayne & Fiend),Mystikal,10/26/10,album,0,NA,4030,6
7lR3HZAiZq8BKMDq87DyU3,Pussy Pop,Mystikal,4/6/04,album,0,NA,4031,6
22qrzIjC0d35poqKloCQaU,Tarantula,Mystikal,12/18/01,album,0,NA,4032,6
1HEuVovbsfYYCbJgypIbkN,Watch That Bitch,Mystikal,3/1/19,album,0,NA,4033,6
4Y73zi1e1pixm13IWCaxMv,5E,N.O.R.E.,7/27/18,album,0,NA,4034,6
1l0Xusu5W24vsETxRPt6Pa,Body In The Trunk,N.O.R.E.,3/31/15,album,0,NA,4035,6
7pTI86tvDOplmdy7U4Ys3w,DJ Green Lantern Presents - Crack on Steroids,N.O.R.E.,4/6/12,album,0,NA,4036,6
4DpKBMKtBtjDZMQc43x1SP,Don't Know,N.O.R.E.,7/20/18,album,0,NA,4037,6
2QOxU9UcQHeITBb1sV1pI5,Drunk Uncle,N.O.R.E.,3/25/16,album,0,NA,4038,6
4Gb8Xs87uYNhBwh5wfG7qt,God's Favorite,N.O.R.E.,1/1/02,album,0,NA,4039,6
0En4fNHtKk1xztHsT5yKWm,Melvyn Flynt Da Hustler,N.O.R.E.,8/24/99,album,0,NA,4040,6
4h5Z2bERuSAICA4s66AhA1,N.O.R.E,N.O.R.E.,7/7/98,album,0,NA,4041,6
0RLMAxS9mhy149lu93u7GA,N.O.R.E. Y La Familia,N.O.R.E.,7/18/06,album,0,NA,4042,6
15BW79axCS3oqgJiUVTIjU,Nor' Easter,N.O.R.E.,2011,album,0,NA,4043,6
4JjkgXq3HyAESm8oo4KJY8,Noreality,N.O.R.E.,8/28/07,album,0,NA,4044,6
6ExvLMVGYzp2MF2aSEdnmx,NOREASTER,N.O.R.E.,2011,album,0,NA,4045,6
1iWvtVs7VPW2aAuGhqFd4D,S.O.R.E.,N.O.R.E.,9/15/09,album,0,NA,4046,6
5lJ3HBQj49vzm2F5Rlsg5x,Student Of The Game,N.O.R.E.,4/16/13,album,0,NA,4047,6
3DrUHDFgDiOUhf86geuitv,Strip,"N.O.R.E., Frenzy",4/28/18,album,0,NA,4048,6
1cvp4wkQnGLPB50jfcmph6,Uno Mas,"N.O.R.E., Pharrell Williams",8/31/17,album,0,NA,4049,6
7fSUKD4PKKSWYi4FTlt1ic,Get Up,Nate Dogg,1/7/03,album,0,NA,4050,6
4ZnyBuM29ICNdJBgfukyWl,Ghetto Preacher (Digitally Remastered),Nate Dogg,5/5/15,album,0,NA,4051,6
1MCA50GzswxscAouRWnrES,Music And Me,Nate Dogg,12/4/01,album,0,NA,4052,6
3TfK3onfop0xSREaFVvW7H,Nobody Does It Better,Nate Dogg,8/16/99,album,0,NA,4053,6
6ZzHqyeQGSflmKMndyNxYH,The Prodigal Son (Digitally Remastered),Nate Dogg,5/12/15,album,0,NA,4054,6
6taKOWXnfZqgyST1GZJakd,Bad Habits (Deluxe),NAV,4/19/19,album,0,NA,4055,6
0REw7AR4YxPCz2qs6F4Zmy,Freshman List,NAV,3/16/18,album,0,NA,4056,6
0ooNnSXqH1oTsHo34RO75q,Know Me,NAV,11/2/18,album,0,NA,4057,6
5crXB2WNOtuaZdCEqMzUtM,NAV,NAV,4/7/17,album,0,NA,4058,6
1hTrdWpdPEeXHQWc9GmpxZ,RECKLESS,NAV,5/18/18,album,0,NA,4059,6
3ZpAmjvMEsr7rsiTUbSS0W,Wanted You (feat. Lil Uzi Vert),NAV,11/3/17,album,0,NA,4060,6
7L9if9x4z9GgtiSbTpMWQs,Perfect Timing,"NAV, Metro Boomin",8/4/17,album,0,NA,4061,6
52q9xNv8COtSU9phlbO5sg,Because Of You,Ne-Yo,1/1/07,album,0,NA,4062,6
